ContainerHintId,CountryIds,DisplaySequenceId,DisplayType,DisplayName,LayoutOrientation,LayoutAlignment,ShowDisplayName,IsSubmitGroup,Extend,FirstButtonGroup,ExtendButtonGroup,ContainerDescription,DisplayConditionFunctionName,DataCollectionSource,DataCollectionFilterFunctionName,StyleHints
expiryGroup,,expirySequence,group,Expiration Date,inline,,FALSE,,,,,,,,,
cancelNextGroup,,cancelNextGroupSequence,group,,inline,,,TRUE,,,,,,,,
cancelSubmitGroup,,cancelSubmitGroupSequence,group,,inline,,,TRUE,,,,,,,,
previousNextGroup,,previousNextGroupSequence,group,,inline,,,TRUE,,,,,,,,
previousSubmitGroup,,previousSubmitGroupSequence,group,,inline,,,TRUE,,,,,,,,
cancelSuccessGroup,,cancelSuccessGroupSequence,group,,inline,,,TRUE,,,,,,,,
cancelSaveGroup,,cancelSaveGroupSequence,group,,inline,,,TRUE,,,,,,,,
cancelOkGroup,,cancelOkGroupSequence,group,,inline,,,TRUE,,,,,,,,
creditCardNumberExpiryGroup,,creditCardNumberExpirySequence,group,,inline,,,,,,,,,,,
creditCardAmexNumberExpiryGroup,,creditCardAmexNumberExpirySequence,group,,inline,,,,,,,,,,,
creditLastFourExpiryGroup,,creditLastFourExpirySequence,group,,inline,,,,,,,,,,,
creditCardNameCvvGroup,,creditCardNameCvvSequence,group,,inline,,,,,,,,,,,
creditCardNameExpiryGroup,,creditCardNameExpiryGroupSequence,group,,inline,,,,,,,,,,,
addressLine1Line2Group,,addressLine1Line2Sequence,group,,inline,,,,,,,,,,,
cityStateZipCodeGroup,,cityStateZipCodeSequence,group,,inline,,,,,,,,,,,
stateZipCodeGroup,,stateZipCodeSequence,group,,inline,,,,,,,,,,,
zipCodeStateCityGroup,,zipCodeStateCityGroupSequence,group,,inline,,,,,,,,,,,
zipCodeStateGroup,,zipCodeStateGroupSequence,group,,inline,,,,,,,,,,,
