PropertyDescriptionId,CountryIds,PropertyType,DataType,DisplayProperty,IsKey,IsOptional,IsUpdatable,DataProtection,DefaultValue,PossibleValues,PidlDownloadEnabled,PidlDownloadParameter,DisplayOnly
address_line_1,{}AddressLine1M,userData,string,,,,TRUE,,,,,,
address_line_2,{}AddressLine2O,userData,string,,,TRUE,TRUE,,,,,,
klarna_address_line_2,{}KlarnaA2,userData,string,,,,TRUE,,,,,,
address_line_3,{}AddressLine3O,userData,string,,,TRUE,TRUE,,,,,,
address_city,{}AddressCityM,userData,string,,,,TRUE,,,,,,
address_state_county,{}AddressCountyO,userData,string,,,TRUE,TRUE,,,,,,
address_state_province,{}AddressProvinceM,userData,string,,,,TRUE,,,,,,
address_state_province,{}AddressProvinceO,userData,string,,,TRUE,TRUE,,,,,,
address_state_province,CA,userData,string,,,,TRUE,,,{}CAProvinces,,,
address_state_province,CN,userData,string,,,,TRUE,,,{}CNProvinces,,,
address_state_province,ES,userData,string,,,,TRUE,,,{}ESProvinces,,,
address_state_province,bs,userData,string,,,TRUE,TRUE,,,{}BSProvinces,,,
address_state_province,bz,userData,string,,,,TRUE,,,{}BZProvinces,,,
address_state_province,cr,userData,string,,,,TRUE,,,{}CRProvinces,,,
address_state_province,fr,userData,string,,,TRUE,TRUE,,,{}FRProvinces,,,
address_state_province,hn,userData,string,,,,TRUE,,,{}HNProvinces,,,
address_state_province,jm,userData,string,,,,TRUE,,,{}JMProvinces,,,
address_state_province,tr,userData,string,,,TRUE,TRUE,,,{}TRProvinces,,,
address_state_province,ve,userData,string,,,TRUE,TRUE,,,{}VEProvinces,,,
address_state_state,{}AddressStateM,userData,string,,,,TRUE,,,,,,
address_state_state,{}AddressStateO,userData,string,,,TRUE,TRUE,,,,,,
address_state_state,US,userData,string,,,,TRUE,,,{}USStates,,,
address_state_state,AU,userData,string,,,,TRUE,,,{}AUStatesAndTerritories,,,
address_state_state,BR,userData,string,,,,TRUE,,,{}BRStates,,,
address_state_state,IN,userData,string,,,,TRUE,,,{}INStates,,,
address_state_state,IT,userData,string,,,,TRUE,,,{}ITStates,,,
address_state_state,JP,userData,string,,,,TRUE,,,{}JPStates,,,
address_state_state,MX,userData,string,,,,TRUE,,,{}MXStates,,,
address_state_state,MY,userData,string,,,,TRUE,,,{}MYStates,,,
address_state_state,NL,userData,string,,,,TRUE,,,{}NLStates,,,
address_state_state,AE,userData,string,,,,TRUE,,,{}UAEStates,,,
address_zip_postalcode,{}AddressPostalCodeM,userData,string,,,,TRUE,,,,,,
address_zip_postalcode,{}AddressPostalCodeO,userData,string,,,TRUE,TRUE,,,,,,
address_country,,userData,string,,TRUE,,TRUE,,()CountryId,{}MarketsAll,,,
address_first_name,,userData,string,,,TRUE,TRUE,,,,,,
address_first_name_pronunciation,,clientData,hidden,,,TRUE,TRUE,,,,,,
address_last_name,,userData,string,,,TRUE,TRUE,,,,,,
address_last_name_pronunciation,,clientData,hidden,,,TRUE,TRUE,,,,,,
address_middle_name,,userData,string,,,TRUE,TRUE,,,,,,
address_phone_number,,userData,string,,,TRUE,TRUE,,,,,,
klarna_address_phone_number,,userData,string,,,,TRUE,,,,,,
address_customer_id,,clientData,hidden,,,TRUE,TRUE,,,,,,
address_id,,clientData,hidden,,,TRUE,TRUE,,,,,,
address_correspondence_name,,userData,string,,,TRUE,TRUE,,,,,,
address_mobile,,userData,string,,,TRUE,TRUE,,,,,,
address_fax,,userData,string,,,TRUE,TRUE,,,,,,
address_telex,,userData,string,,,TRUE,TRUE,,,,,,
address_email_address,,userData,string,,,TRUE,TRUE,,,,,,
address_web_site_url,,userData,string,,,TRUE,TRUE,,,,,,
address_street_supplement,,userData,string,,,TRUE,TRUE,,,,,,
address_is_within_city_limits,,userData,bool,,,TRUE,TRUE,,,,,,
address_form_of_address,,userData,string,,,TRUE,TRUE,,,,,,
address_address_notes,,userData,string,,,TRUE,TRUE,,,,,,
address_time_zone,,userData,string,,,TRUE,TRUE,,,,,,
address_latitude,,userData,string,,,TRUE,TRUE,,,,,,
address_longitude,,userData,string,,,TRUE,TRUE,,,,,,
address_is_avs_validated,,clientData,bool,,,TRUE,TRUE,,,,,,
address_validate,,clientData,bool,,,TRUE,TRUE,,,,,,
address_validation_stamp,,clientData,object,,,TRUE,TRUE,,,,,,
address_links,,clientData,object,,,TRUE,TRUE,,,,,,
address_object_type,,clientData,hidden,,,TRUE,TRUE,,,,,,
address_contract_version,,clientData,hidden,,,TRUE,TRUE,,,,,,
address_resource_status,,clientData,hidden,,,TRUE,TRUE,,,,,,
hapi_sua_turkey_foo,,userData,string,,,TRUE,,,,,,,
hapi_sua_is_tax_enabled,,userData,bool,,TRUE,,TRUE,,TRUE,,,,TRUE
hapi_sua_is_tax_disabled,,userData,bool,,TRUE,TRUE,TRUE,,FALSE,,,,TRUE
hapi_sua_validation_required,,clientData,hidden,,,TRUE,TRUE,,true,,,,
hapi_sua_first_name,,userData,string,,,TRUE,TRUE,,({dataSources.addressResource.serviceUsageAddress.firstName}),,,,
hapi_sua_first_name_pronunciation,,clientData,hidden,,,TRUE,TRUE,,({dataSources.addressResource.serviceUsageAddress.firstNamePronunciation}),,,,
hapi_sua_last_name,,userData,string,,,TRUE,TRUE,,({dataSources.addressResource.serviceUsageAddress.lastName}),,,,
hapi_sua_last_name_pronunciation,,clientData,hidden,,,TRUE,TRUE,,({dataSources.addressResource.serviceUsageAddress.lastNamePronunciation}),,,,
hapi_sua_phone_number,,userData,string,,,TRUE,TRUE,,({dataSources.addressResource.serviceUsageAddress.phoneNumber}),,,,
hapi_sua_type,,clientData,hidden,,,TRUE,TRUE,,({dataSources.addressResource.serviceUsageAddress.addressType}),,,,
hapi_sua_line_1,{}AddressLine1M,userData,string,,,,TRUE,,({dataSources.addressResource.serviceUsageAddress.line1}),,,,
hapi_sua_line_2,{}AddressLine2O,userData,string,,,TRUE,TRUE,,({dataSources.addressResource.serviceUsageAddress.line2}),,,,
hapi_sua_line_3,,userData,string,,,TRUE,TRUE,,({dataSources.addressResource.serviceUsageAddress.line3}),,,,
hapi_sua_line_4,,userData,string,,,TRUE,TRUE,,({dataSources.addressResource.serviceUsageAddress.line4}),,,,
hapi_sua_city,{}AddressCityM,userData,string,,,,TRUE,,({dataSources.addressResource.serviceUsageAddress.city}),,,,
hapi_sua_state_county,{}AddressCountyO,userData,string,,,TRUE,TRUE,,({dataSources.addressResource.serviceUsageAddress.state}),,,,
hapi_sua_state_province,{}AddressProvinceM,userData,string,,,,TRUE,,({dataSources.addressResource.serviceUsageAddress.state}),,,,
hapi_sua_state_province,{}AddressProvinceO,userData,string,,,TRUE,TRUE,,({dataSources.addressResource.serviceUsageAddress.state}),,,,
hapi_sua_state_province,CA,userData,string,,,,TRUE,,({dataSources.addressResource.serviceUsageAddress.state}),{}CAProvinces,,,
hapi_sua_state_province,CN,userData,string,,,,TRUE,,({dataSources.addressResource.serviceUsageAddress.state}),{}CNProvinces,,,
hapi_sua_state_province,ES,userData,string,,,,TRUE,,({dataSources.addressResource.serviceUsageAddress.state}),{}ESProvinces,,,
hapi_sua_state_province,bs,userData,string,,,TRUE,TRUE,,({dataSources.addressResource.serviceUsageAddress.state}),{}BSProvinces,,,
hapi_sua_state_province,bz,userData,string,,,,TRUE,,({dataSources.addressResource.serviceUsageAddress.state}),{}BZProvinces,,,
hapi_sua_state_province,cr,userData,string,,,TRUE,TRUE,,({dataSources.addressResource.serviceUsageAddress.state}),{}CRProvinces,,,
hapi_sua_state_province,fr,userData,string,,,TRUE,TRUE,,({dataSources.addressResource.serviceUsageAddress.state}),{}FRProvinces,,,
hapi_sua_state_province,hn,userData,string,,,TRUE,TRUE,,({dataSources.addressResource.serviceUsageAddress.state}),{}HNProvinces,,,
hapi_sua_state_province,jm,userData,string,,,TRUE,TRUE,,({dataSources.addressResource.serviceUsageAddress.state}),{}JMProvinces,,,
hapi_sua_state_province,tr,userData,string,,,TRUE,TRUE,,({dataSources.addressResource.serviceUsageAddress.state}),{}TRProvinces,,,
hapi_sua_state_province,ve,userData,string,,,TRUE,TRUE,,({dataSources.addressResource.serviceUsageAddress.state}),{}VEProvinces,,,
hapi_sua_state_state,{}AddressStateM,userData,string,,,,TRUE,,({dataSources.addressResource.serviceUsageAddress.state}),,,,
hapi_sua_state_state,{}AddressStateO,userData,string,,,TRUE,TRUE,,({dataSources.addressResource.serviceUsageAddress.state}),,,,
hapi_sua_state_state,US,userData,string,,,,TRUE,,({dataSources.addressResource.serviceUsageAddress.state}),{}USStates,,,
hapi_sua_state_state,AU,userData,string,,,,TRUE,,({dataSources.addressResource.serviceUsageAddress.state}),{}AUStatesAndTerritories,,,
hapi_sua_state_state,BR,userData,string,,,,TRUE,,({dataSources.addressResource.serviceUsageAddress.state}),{}BRStates,,,
hapi_sua_state_state,IN,userData,string,,,,TRUE,,({dataSources.addressResource.serviceUsageAddress.state}),{}INStates,,,
hapi_sua_state_state,IT,userData,string,,,,TRUE,,({dataSources.addressResource.serviceUsageAddress.state}),{}ITStates,,,
hapi_sua_state_state,JP,userData,string,,,,TRUE,,({dataSources.addressResource.serviceUsageAddress.state}),{}JPStates,,,
hapi_sua_state_state,MX,userData,string,,,,TRUE,,({dataSources.addressResource.serviceUsageAddress.state}),{}MXStates,,,
hapi_sua_state_state,MY,userData,string,,,,TRUE,,({dataSources.addressResource.serviceUsageAddress.state}),{}MYStates,,,
hapi_sua_state_state,NL,userData,string,,,,TRUE,,({dataSources.addressResource.serviceUsageAddress.state}),{}NLStates,,,
hapi_sua_state_state,AE,userData,string,,,,TRUE,,({dataSources.addressResource.serviceUsageAddress.state}),{}UAEStates,,,
hapi_sua_zip_postalcode,{}AddressPostalCodeM,userData,string,,,,TRUE,,({dataSources.addressResource.serviceUsageAddress.postalCode}),,,,
hapi_sua_zip_postalcode,{}AddressPostalCodeO,userData,string,,,TRUE,TRUE,,({dataSources.addressResource.serviceUsageAddress.postalCode}),,,,
hapi_sua_country,,userData,string,,TRUE,,TRUE,,({dataSources.addressResource.serviceUsageAddress.countryCode}),{}MarketsAll,,,
hapiV1ModernAccountV20190531OrganizationAddressBillTo_addressType,,userData,string,,,,TRUE,,organization,{}ModerAccountV20190531AddressTypes,,,
hapiV1ModernAccountV20190531OrganizationAddressBillTo_addressLine1,,userData,string,,,,TRUE,,({dataSources.addressResource.billTo.addressLine1}),,,,
hapiV1ModernAccountV20190531OrganizationAddressBillTo_addressLine2,,userData,string,,,TRUE,TRUE,,({dataSources.addressResource.billTo.addressLine2}),,,,
hapiV1ModernAccountV20190531OrganizationAddressBillTo_addressLine3,,userData,string,,,TRUE,TRUE,,({dataSources.addressResource.billTo.addressLine3}),,,,
hapiV1ModernAccountV20190531OrganizationAddressBillTo_city,,userData,string,,,TRUE,TRUE,,({dataSources.addressResource.billTo.city}),,,,
hapiV1ModernAccountV20190531OrganizationAddressBillTo_region,,userData,string,,,TRUE,TRUE,,({dataSources.addressResource.billTo.region}),,,,
hapiV1ModernAccountV20190531OrganizationAddressBillTo_postalCode,,userData,string,,,TRUE,TRUE,,({dataSources.addressResource.billTo.postalCode}),,,,
hapiV1ModernAccountV20190531OrganizationAddressBillTo_country,,userData,string,,TRUE,,TRUE,,({dataSources.addressResource.billTo.country}),{}MarketsAll,,,
hapiV1ModernAccountV20190531OrganizationAddressBillTo_city,{}AddressCityM,userData,string,,,,TRUE,,({dataSources.addressResource.billTo.city}),,,,
hapiV1ModernAccountV20190531OrganizationAddressBillTo_region,{}AddressRegionM,userData,string,,,,TRUE,,({dataSources.addressResource.billTo.region}),,,,
hapiV1ModernAccountV20190531OrganizationAddressBillTo_postalCode,{}AddressPostalCodeM,userData,string,,,,TRUE,,({dataSources.addressResource.billTo.postalCode}),,,,
hapiV1ModernAccountV20190531OrganizationAddressBillTo_phoneNumber,,userData,string,,,TRUE,TRUE,,({dataSources.addressResource.billTo.phoneNumber}),,,,
hapiV1ModernAccountV20190531OrganizationAddressBillTo_email,,userData,string,,,TRUE,TRUE,,({dataSources.addressResource.billTo.email}),,,,
hapiV1ModernAccountV20190531OrganizationAddressBillTo_companyName,,userData,string,,,,TRUE,,({dataSources.addressResource.billTo.companyName}),,,,
orgAddress_addressType,,userData,string,,,,TRUE,,organization,{}ModerAccountV20190531AddressTypes,,,
orgAddress_addressLine1,,userData,string,,,,TRUE,,({partnerData.prefillData.defaultAddress.address_line1}),,,,
orgAddress_addressLine2,,userData,string,,,TRUE,TRUE,,({partnerData.prefillData.defaultAddress.address_line2}),,,,
orgAddress_addressLine3,,userData,string,,,TRUE,TRUE,,({partnerData.prefillData.defaultAddress.address_line3}),,,,
orgAddress_city,,userData,string,,,TRUE,TRUE,,({partnerData.prefillData.defaultAddress.city}),,,,
orgAddress_region,,userData,string,,,TRUE,TRUE,,({partnerData.prefillData.defaultAddress.region}),,,,
orgAddress_postalCode,,userData,string,,,TRUE,TRUE,,({partnerData.prefillData.defaultAddress.postal_code}),,,,
orgAddress_country,,userData,string,,TRUE,,TRUE,,()CountryId,{}MarketsAll,,,
orgAddress_city,{}AddressCityM,userData,string,,,,TRUE,,({partnerData.prefillData.defaultAddress.city}),,,,
orgAddress_region,{}AddressRegionM,userData,string,,,,TRUE,,({partnerData.prefillData.defaultAddress.region}),,,,
orgAddress_postalCode,{}AddressPostalCodeM,userData,string,,,,TRUE,,({partnerData.prefillData.defaultAddress.postal_code}),,,,
orgAddress_phoneNumber,,userData,string,,,TRUE,TRUE,,({partnerData.prefillData.defaultAddress.phoneNumber}),,,,
orgAddress_email,,userData,string,,,TRUE,TRUE,,({partnerData.prefillData.defaultAddress.email}),,,,
orgAddress_validationMode,,clientData,hidden,,,,,,LegacyBusiness,,,,
hapiV1ModernAccountV20190531OrganizationAddress_addressType,,userData,string,,,,TRUE,,organization,{}ModerAccountV20190531AddressTypes,,,
hapiV1ModernAccountV20190531OrganizationAddress_addressLine1,,userData,string,,,,TRUE,,({dataSources.addressResource.address.addressLine1}),,,,
hapiV1ModernAccountV20190531OrganizationAddress_addressLine2,,userData,string,,,TRUE,TRUE,,({dataSources.addressResource.address.addressLine2}),,,,
hapiV1ModernAccountV20190531OrganizationAddress_addressLine3,,userData,string,,,TRUE,TRUE,,({dataSources.addressResource.address.addressLine3}),,,,
hapiV1ModernAccountV20190531OrganizationAddress_city,,userData,string,,,TRUE,TRUE,,({dataSources.addressResource.address.city}),,,,
hapiV1ModernAccountV20190531OrganizationAddress_region,,userData,string,,,TRUE,TRUE,,({dataSources.addressResource.address.region}),,,,
hapiV1ModernAccountV20190531OrganizationAddress_postalCode,,userData,string,,,TRUE,TRUE,,({dataSources.addressResource.address.postalCode}),,,,
hapiV1ModernAccountV20190531OrganizationAddress_country,,userData,string,,TRUE,,TRUE,,({dataSources.addressResource.address.country}),{}MarketsAll,,,
hapiV1ModernAccountV20190531OrganizationAddress_city,{}AddressCityM,userData,string,,,,TRUE,,({dataSources.addressResource.address.city}),,,,
hapiV1ModernAccountV20190531OrganizationAddress_region,{}AddressRegionM,userData,string,,,,TRUE,,({dataSources.addressResource.address.region}),,,,
hapiV1ModernAccountV20190531OrganizationAddress_postalCode,{}AddressPostalCodeM,userData,string,,,,TRUE,,({dataSources.addressResource.address.postalCode}),,,,
hapiV1ModernAccountV20190531OrganizationAddress_phoneNumber,,userData,string,,,TRUE,TRUE,,({dataSources.addressResource.address.phoneNumber}),,,,
hapiV1ModernAccountV20190531OrganizationAddress_email,,userData,string,,,TRUE,TRUE,,({dataSources.addressResource.address.email}),,,,
hapiV1ModernAccountV20190531OrganizationAddress_companyName,,userData,string,,,,TRUE,,({dataSources.addressResource.address.companyName}),,,,
hapiV1ModernAccountV20190531OrganizationAddress_firstName,,userData,string,,,,TRUE,,({dataSources.addressResource.address.firstName}),,,,
hapiV1ModernAccountV20190531OrganizationAddress_middleName,,userData,string,,,TRUE,TRUE,,({dataSources.addressResource.address.middleName}),,,,
hapiV1ModernAccountV20190531OrganizationAddress_lastName,,userData,string,,,,TRUE,,({dataSources.addressResource.address.lastName}),,,,
hapiV1ShipToOrganization_name,,userData,string,,,,TRUE,,({dataSources.addressResource.name}),,,,
hapiV1SoldToOrganization_tradeName,,userData,string,,,TRUE,TRUE,,({dataSources.addressResource.tradeName}),,,,
hapiV1SoldToOrganization_businessContactEmail,,userData,string,,,,TRUE,,,,,,
hapiV1SoldToOrganization_businessContactPhoneNumber,,userData,string,,,,TRUE,,,,,,
hapiV1SoldToOrganization_billingAccountName,,userData,string,,,,TRUE,,,,,,
hapiV1SoldToOrganization_registrationNumber,,userData,string,,,TRUE,TRUE,,,,,,
hapiV1SoldToOrganization_registrationNumber,RU,userData,string,,,,TRUE,,,,,,
hapiV1SoldToOrganization_registrationNumber,AM,userData,string,,,,TRUE,,,,,,
hapiV1SoldToOrganization_registrationNumber,AZ,userData,string,,,,TRUE,,,,,,
hapiV1SoldToOrganization_registrationNumber,BY,userData,string,,,,TRUE,,,,,,
hapiV1SoldToOrganization_registrationNumber,KZ,userData,string,,,,TRUE,,,,,,
hapiV1SoldToOrganization_registrationNumber,KG,userData,string,,,,TRUE,,,,,,
hapiV1SoldToOrganization_registrationNumber,MD,userData,string,,,,TRUE,,,,,,
hapiV1SoldToOrganization_registrationNumber,TJ,userData,string,,,,TRUE,,,,,,
hapiV1SoldToOrganization_registrationNumber,UZ,userData,string,,,,TRUE,,,,,,
hapiV1SoldToOrganization_registrationNumber,UA,userData,string,,,,TRUE,,,,,,
hapiV1SoldToOrganization_registrationNumber,HU,userData,string,,,,TRUE,,,,,,
hapiV1SoldToOrganization_registrationNumber,TH,userData,string,,,,TRUE,,,,,,
hapiV1SoldToOrganization_registrationNumber,VN,userData,string,,,,TRUE,,,,,,
hapiV1SoldToOrganization_registrationNumber,TR,userData,string,,,,TRUE,,,,,,
hapiV1SoldToOrganization_registrationNumber,PL,userData,string,,,,TRUE,,,,,,
hapiV1SoldToOrganization_registrationNumber,ZA,userData,string,,,,TRUE,,,,,,
hapiV1SoldToOrganization_registrationNumber,BR,userData,string,,,,TRUE,,,,,,
hapiV1SoldToOrganization_registrationNumber,IQ,userData,string,,,,TRUE,,,,,,
hapiV1SoldToOrganization_registrationNumber,MM,userData,string,,,,TRUE,,,,,,
hapiV1SoldToOrganization_registrationNumber,SA,userData,string,,,,TRUE,,,,,,
hapiV1SoldToOrganization_registrationNumber,SS,userData,string,,,,TRUE,,,,,,
hapiV1SoldToOrganization_registrationNumber,AE,userData,string,,,,TRUE,,,,,,
hapiV1SoldToOrganization_registrationNumber,VE,userData,string,,,,TRUE,,,,,,
hapiV1SoldToOrganization_registrationNumber,IN,userData,string,,,,TRUE,,,,,,
hapiV1SoldToOrganization_registrationNumber,CN,userData,string,,,,TRUE,,,,,,
hapiV1ModernAccountV20190531IndividualAddress_addressType,,userData,string,,,,TRUE,,individual,{}ModerAccountV20190531AddressTypes,,,
hapiV1ModernAccountV20190531IndividualAddress_addressLine1,,userData,string,,,,TRUE,,({dataSources.addressResource.address.addressLine1}),,,,
hapiV1ModernAccountV20190531IndividualAddress_addressLine2,,userData,string,,,TRUE,TRUE,,({dataSources.addressResource.address.addressLine2}),,,,
hapiV1ModernAccountV20190531IndividualAddress_addressLine3,,userData,string,,,TRUE,TRUE,,({dataSources.addressResource.address.addressLine3}),,,,
hapiV1ModernAccountV20190531IndividualAddress_city,,userData,string,,,TRUE,TRUE,,({dataSources.addressResource.address.city}),,,,
hapiV1ModernAccountV20190531IndividualAddress_region,,userData,string,,,TRUE,TRUE,,({dataSources.addressResource.address.region}),,,,
hapiV1ModernAccountV20190531IndividualAddress_postalCode,,userData,string,,,TRUE,TRUE,,({dataSources.addressResource.address.postalCode}),,,,
hapiV1ModernAccountV20190531IndividualAddress_country,,userData,string,,TRUE,,TRUE,,({dataSources.addressResource.address.country}),{}MarketsAll,,,
hapiV1ModernAccountV20190531IndividualAddress_city,{}AddressCityM,userData,string,,,,TRUE,,({dataSources.addressResource.address.city}),,,,
hapiV1ModernAccountV20190531IndividualAddress_region,{}AddressRegionM,userData,string,,,,TRUE,,({dataSources.addressResource.address.region}),,,,
hapiV1ModernAccountV20190531IndividualAddress_postalCode,{}AddressPostalCodeM,userData,string,,,,TRUE,,({dataSources.addressResource.address.postalCode}),,,,
hapiV1ModernAccountV20190531IndividualAddress_phoneNumber,,userData,string,,,TRUE,TRUE,,({dataSources.addressResource.address.phoneNumber}),,,,
hapiV1ModernAccountV20190531IndividualAddress_email,,userData,string,,,TRUE,TRUE,,({dataSources.addressResource.address.email}),,,,
hapiV1ModernAccountV20190531IndividualAddress_companyName,,userData,string,,,TRUE,TRUE,,({dataSources.addressResource.address.companyName}),,,,
hapiV1ModernAccountV20190531IndividualAddress_firstName,,userData,string,,,,TRUE,,({dataSources.addressResource.address.firstName}),,,,
hapiV1ModernAccountV20190531IndividualAddress_middleName,,userData,string,,,TRUE,TRUE,,({dataSources.addressResource.address.middleName}),,,,
hapiV1ModernAccountV20190531IndividualAddress_lastName,,userData,string,,,,TRUE,,({dataSources.addressResource.address.lastName}),,,,
hapiV1ModernAccountV20190531Address_addressType,,userData,string,,,,TRUE,,individual,{}ModerAccountV20190531AddressTypes,,,
hapiV1ModernAccountV20190531Address_addressLine1,,userData,string,,,,TRUE,,({dataSources.addressResource.address.addressLine1}),,,,
hapiV1ModernAccountV20190531Address_addressLine2,,userData,string,,,TRUE,TRUE,,({dataSources.addressResource.address.addressLine2}),,,,
hapiV1ModernAccountV20190531Address_addressLine3,,userData,string,,,TRUE,TRUE,,({dataSources.addressResource.address.addressLine3}),,,,
hapiV1ModernAccountV20190531Address_city,,userData,string,,,TRUE,TRUE,,({dataSources.addressResource.address.city}),,,,
hapiV1ModernAccountV20190531Address_region,,userData,string,,,TRUE,TRUE,,({dataSources.addressResource.address.region}),,,,
hapiV1ModernAccountV20190531Address_postalCode,,userData,string,,,TRUE,TRUE,,({dataSources.addressResource.address.postalCode}),,,,
hapiV1ModernAccountV20190531Address_country,,userData,string,,TRUE,,TRUE,,({dataSources.addressResource.address.country}),{}MarketsAll,,,
hapiV1ModernAccountV20190531Address_city,{}AddressCityM,userData,string,,,,TRUE,,({dataSources.addressResource.address.city}),,,,
hapiV1ModernAccountV20190531Address_region,{}AddressRegionM,userData,string,,,,TRUE,,({dataSources.addressResource.address.region}),,,,
hapiV1ModernAccountV20190531Address_postalCode,{}AddressPostalCodeM,userData,string,,,,TRUE,,({dataSources.addressResource.address.postalCode}),,,,
hapiV1ModernAccountV20190531Address_phoneNumber,,userData,string,,,TRUE,TRUE,,({dataSources.addressResource.address.phoneNumber}),,,,
hapiV1ModernAccountV20190531Address_email,,userData,string,,,TRUE,TRUE,,({dataSources.addressResource.address.email}),,,,
hapiV1ModernAccountV20190531Address_companyName,,userData,string,,,TRUE,TRUE,,({dataSources.addressResource.address.companyName}),,,,
hapiV1ModernAccountV20190531Address_tradeName,,userData,string,,,TRUE,TRUE,,({dataSources.addressResource.tradeName}),,,,
hapiV1ModernAccountV20190531Address_firstName,,userData,string,,,,TRUE,,({dataSources.addressResource.address.firstName}),,,,
hapiV1ModernAccountV20190531Address_middleName,,userData,string,,,TRUE,TRUE,,({dataSources.addressResource.address.middleName}),,,,
hapiV1ModernAccountV20190531Address_lastName,,userData,string,,,,TRUE,,({dataSources.addressResource.address.lastName}),,,,
hapiV1ModernAccountV20190531IndividualAddressBillTo_addressType,,userData,string,,,,TRUE,,organization,{}ModerAccountV20190531AddressTypes,,,
hapiV1ModernAccountV20190531IndividualAddressBillTo_addressLine1,,userData,string,,,,TRUE,,({dataSources.addressResource.billTo.addressLine1}),,,,
hapiV1ModernAccountV20190531IndividualAddressBillTo_addressLine2,,userData,string,,,TRUE,TRUE,,({dataSources.addressResource.billTo.addressLine2}),,,,
hapiV1ModernAccountV20190531IndividualAddressBillTo_addressLine3,,userData,string,,,TRUE,TRUE,,({dataSources.addressResource.billTo.addressLine3}),,,,
hapiV1ModernAccountV20190531IndividualAddressBillTo_city,,userData,string,,,TRUE,TRUE,,({dataSources.addressResource.billTo.city}),,,,
hapiV1ModernAccountV20190531IndividualAddressBillTo_region,,userData,string,,,TRUE,TRUE,,({dataSources.addressResource.billTo.region}),,,,
hapiV1ModernAccountV20190531IndividualAddressBillTo_postalCode,,userData,string,,,TRUE,TRUE,,({dataSources.addressResource.billTo.postalCode}),,,,
hapiV1ModernAccountV20190531IndividualAddressBillTo_country,,userData,string,,TRUE,,TRUE,,({dataSources.addressResource.billTo.country}),{}MarketsAll,,,
hapiV1ModernAccountV20190531IndividualAddressBillTo_city,{}AddressCityM,userData,string,,,,TRUE,,({dataSources.addressResource.billTo.city}),,,,
hapiV1ModernAccountV20190531IndividualAddressBillTo_region,{}AddressRegionM,userData,string,,,,TRUE,,({dataSources.addressResource.billTo.region}),,,,
hapiV1ModernAccountV20190531IndividualAddressBillTo_postalCode,{}AddressPostalCodeM,userData,string,,,,TRUE,,({dataSources.addressResource.billTo.postalCode}),,,,
hapiV1ModernAccountV20190531IndividualAddressBillTo_phoneNumber,,userData,string,,,TRUE,TRUE,,({dataSources.addressResource.billTo.phoneNumber}),,,,
hapiV1ModernAccountV20190531IndividualAddressBillTo_email,,userData,string,,,TRUE,TRUE,,({dataSources.addressResource.billTo.email}),,,,
hapiV1ModernAccountV20190531IndividualAddressBillTo_companyName,,userData,string,,,TRUE,TRUE,,({dataSources.addressResource.billTo.companyName}),,,,
hapiV1ModernAccountV20190531IndividualAddressBillTo_firstName,,userData,string,,,,TRUE,,({dataSources.addressResource.billTo.firstName}),,,,
hapiV1ModernAccountV20190531IndividualAddressBillTo_lastName,,userData,string,,,,TRUE,,({dataSources.addressResource.billTo.lastName}),,,,
hapiV1ShipToIndividual_name,,userData,string,,,,TRUE,,,,,,
sessionId,,clientData,hidden,,,,TRUE,,,,,,
orderId,,clientData,hidden,,,,TRUE,,,,,,
greenId,,clientData,hidden,,,TRUE,TRUE,,,,,,
channel,,clientData,hidden,,,,TRUE,,()Channel,,,,
payment_method_context,,clientData,hidden,,,,,,purchase,{}PaymentMethodContexts,,,
card_cardholder_name,,userData,string,,,,TRUE,,,,,,
non_sim_mobi_phone_number,,userData,string,,,,TRUE,,,,,,
directDebitAccountHolderName,,userData,string,,,,TRUE,,,,,,
directDebitSepaBankName,,userData,string,,,,,,,,,,
directDebitSepaBankCode,,userData,string,,,,,,,,,,
directDebitSepaAccount,,userData,string,,,,,bankAccountNumber,,,,,
iDEALIssuer,,userData,string,,,,,,,{}iDEALIssuers,,,
alipayAccountTypeEmail,,userData,string,,TRUE,,TRUE,,email,{}AlipayAccountTypes,,,
alipayAccountTypeMobile,,userData,string,,TRUE,,TRUE,,mobile,{}AlipayAccountTypes,,,
alipayEmailAccount,,userData,string,,,,TRUE,,,,,,
alipayMobileAccount,,userData,string,,,,TRUE,,,,,,
mobileNumber,,userData,string,,,,TRUE,,,,,,
lastFiveCertNo,,userData,string,,,,TRUE,,,,,,
card_number_visa,,userData,string,,TRUE,,,pan,,,,,
card_number_mc,,userData,string,,TRUE,,,pan,,,,,
card_number_amex,,userData,string,,TRUE,,,pan,,,,,
card_number_discover,,userData,string,,TRUE,,,pan,,,,,
card_number_jcb,,userData,string,,TRUE,,,pan,,,,,
card_number_hiper,,userData,string,,TRUE,,,pan,,,,,
card_number_cup,,userData,string,,TRUE,,,pan,,,,,
card_number_cup_international,,userData,string,,TRUE,,,pan,,,,,
card_number_shinhan,,userData,string,,TRUE,,,pan,,,,,
card_number_bc,,userData,string,,TRUE,,,pan,,,,,
card_number_kb_kook_min,,userData,string,,TRUE,,,pan,,,,,
card_number_samsung,,userData,string,,TRUE,,,pan,,,,,
card_number_hyundai,,userData,string,,TRUE,,,pan,,,,,
card_number_lotte,,userData,string,,TRUE,,,pan,,,,,
card_number_nh,,userData,string,,TRUE,,,pan,,,,,
card_number_hana,,userData,string,,TRUE,,,pan,,,,,
card_number_citi,,userData,string,,TRUE,,,pan,,,,,
card_number_jeju,,userData,string,,TRUE,,,pan,,,,,
card_number_woori,,userData,string,,TRUE,,,pan,,,,,
card_number_suhyup,,userData,string,,TRUE,,,pan,,,,,
card_number_jeonbok,,userData,string,,TRUE,,,pan,,,,,
card_number_kwangju,,userData,string,,TRUE,,,pan,,,,,
card_number_shinhyup,,userData,string,,TRUE,,,pan,,,,,
card_number_elo,,userData,string,,TRUE,,,pan,,,,,
card_number_verve,,userData,string,,TRUE,,,pan,,,,,
card_number_rupay,,userData,string,,TRUE,,,pan,,,,,
card_number_search_filter,,userData,string,,TRUE,,,pan,,,,,
phone_number,,userData,string,,,,TRUE,,,,,,
cvv_3,,userData,string,,,,TRUE,cvv,,,,,
cvv_4,,userData,string,,,,TRUE,cvv,,,,,
cvv_3_update,,userData,string,,,TRUE,TRUE,cvv,,,,,
cvv_4_update,,userData,string,,,TRUE,TRUE,cvv,,,,,
cvvCup,,userData,string,,,,TRUE,cvv,,,,,
card_expiry_month,,userData,string,,,,TRUE,,,{}MonthsNames,,,
card_expiry_month_marketplace_card,,userData,number,,,,TRUE,,,{}MonthsNames,,,
card_expiry_month_rushmore,,userData,number,,,,TRUE,,,{}MonthsNames,,,
card_expiry_year,,userData,string,,,,TRUE,,,{}YearsExpiry4,,,
card_expiry_year_marketplace_card,,userData,number,,,,TRUE,,,{}YearsExpiry4,,,
card_expiry_year_rushmore,,userData,number,,,,TRUE,,,{}YearsExpiry4,,,
card_customer_id_marketplace_card,,userData,string,,,TRUE,TRUE,,,,,,
card_customer_id_rushmore,,userData,string,,,TRUE,TRUE,,,,,,
card_options_skip_validation,,userData,bool,,,TRUE,TRUE,,,,,,
card_options_validation_amount,,userData,number,,,TRUE,TRUE,,,,,,
card_options_currency,,userData,string,,,TRUE,TRUE,,,,,,
bitcoin_redeem_amount,,userData,string,,FALSE,FALSE,TRUE,,,,,,
cvv,,userData,string,,,,,cvv,,,,,
card_last_fourdigits,,userData,string,,,,,,,,,,
smsChallenge,,userData,string,,,,TRUE,,,,,,
smsChallengeOtp,,userData,string,,,,TRUE,,,,,,
achPicvChallengeAmount,,userData,string,,,,TRUE,,,,,,
sepaPicvChallengeAmount,,userData,string,,,,TRUE,,,,,,
first_name,,userData,string,,,,TRUE,,,,,,
last_name,,userData,string,,,,TRUE,,,,,,
nationality,,userData,string,,,TRUE,TRUE,,,,,,
email_address,,userData,string,,,,TRUE,,,,,,
company_name,,userData,string,,,TRUE,TRUE,,,,,,
company_friendly_name,,userData,string,,,,TRUE,,,,,,
default_address_id,,userData,string,,,TRUE,TRUE,,,,,,
profile_consumer_id,,clientData,hidden,,,,TRUE,,,,,,
profileTypeConsumer,,clientData,hidden,,,,TRUE,,consumer,,,,
profileTypeconsumerV3,,clientData,hidden,,,,TRUE,,consumerV3,,,,
profileTypeISV,,clientData,hidden,,,,TRUE,,isv,,,,
culture,,clientData,hidden,,,,TRUE,,EN,{}Languages,,,
language,,clientData,hidden,,,,TRUE,,en,{}Languages,,,
cultureV3,,clientData,hidden,,,,TRUE,,en-US,{}Languages,,,
curp_id,,userData,string,,,,TRUE,,,,,,
birth_date,,userData,string,,,TRUE,TRUE,,,,,,
birthday,,userData,string,,,,TRUE,,,,,,
termsAcceptance,,userData,bool,,,,,,,,,,
timestamp,,clientData,timestamp,,,,,,,,,,
challenge_activation_method_id,,userData,string,,,,,,,{}ChallengeActivationMethods,,,
challenge_activation_code,,userData,string,,,,,,,,,,
auth_choice,,userData,string,,,,,,text,{}DigitizationChallenges,,,
auth_code,,userData,string,,,,,,,,,,
tenant_uri_host,,userData,string,,,,TRUE,,,,,,
admin_user_name,,userData,string,,,,TRUE,,,,,,
admin_password,,userData,string,,,,TRUE,,,,,,
tenant_company_name,,userData,string,,,TRUE,TRUE,,,,,,
tenant_email_address,,userData,string,,,,TRUE,,,,,,
admin_first_name,,userData,string,,,,TRUE,,,,,,
admin_last_name,,userData,string,,,,TRUE,,,,,,
msa_puid,,clientData,hidden,,,FALSE,TRUE,,,,,,
tax_id_status_valid,,clientData,hidden,,,TRUE,TRUE,,valid,,,,
tax_id_type_vat_id,,clientData,hidden,,,FALSE,TRUE,,VatId,,,,
tax_id_value_brazil_cnpj_id,,userData,string,,,TRUE,TRUE,,,,,,
tax_id_type_brazil_cnpj_id,,clientData,hidden,,,FALSE,TRUE,,CNPJId,,,,
tax_id_value_brazil_cpf_id,,userData,string,,,TRUE,TRUE,tax,,,,,
tax_id_value_india_state_gst_in_id,,userData,string,hapiIndiaGstId,,TRUE,TRUE,,,,,,
tax_id_type_india_state_gst_in_id,,clientData,hidden,,,FALSE,TRUE,,GSTINID,,,,
tax_id_state_india_state_gst_in_id,,userData,string,region,,TRUE,TRUE,,,,,,
tax_id_value_india_pan_id,,userData,string,hapiIndiaPanId,TRUE,,TRUE,,,,,,
tax_id_type_india_pan_id,,clientData,hidden,,,FALSE,TRUE,,IndiaPANID,,,,
tax_id_value_vat_id,,userData,string,,,TRUE,TRUE,,,,,,
tax_id_value_vat_id_disabled,,userData,string,,,TRUE,TRUE,,,,,,
tax_id_value_canadian_federal_exempt,,userData,string,,,TRUE,TRUE,,,,,,
tax_id_value_canadian_provincial_exempt,,userData,string,,,TRUE,TRUE,,,,,,
tax_id_value_us_exempt,,userData,string,,,TRUE,TRUE,,,,,,
tax_id_value_national_identification_number,,userData,string,hapiCodiceFiscaleId,TRUE,,TRUE,,,,,,
tax_id_type_national_identification_number,,clientData,hidden,,,FALSE,TRUE,,NationalIdentificationNumber,,,,
tax_id_value_egypt_national_identification_number,,userData,string,hapiNationalId,TRUE,TRUE,TRUE,,,,,,
tax_id_type_egypt_national_identification_number,,clientData,hidden,,,FALSE,TRUE,,NationalIdentificationNumber,,,,
paypalAccount,,userData,string,,,,TRUE,,,,,,
paypalPassword,,userData,string,,,,TRUE,paypalEncryption,,,,,
venmoUserName,,userData,string,,,,TRUE,,,,,,
paypalCIBAgreement,,clientData,hidden,,,,TRUE,,ChannelInitiatedBilling,,,,
authenticationMode,,clientData,hidden,,,TRUE,,,UsernameAndPassword,,,,
authenticationModeRedirect,,clientData,hidden,,,TRUE,,,Redirect,,,,
directDebitAchAccount,us,userData,string,,,,,bankAccountNumber,,,,,
directDebitAchAccountType,us,userData,string,,,,,,checking,{}BankAccountType,,,
directDebitAchBankCode,us,userData,string,,,,,,,,,,
profile_employee_id,,clientData,hidden,,,TRUE,TRUE,,,,,,
profile_employee_etag,,clientData,hidden,,,TRUE,TRUE,,,,,,
profile_employee_customer_id,,clientData,hidden,,,TRUE,TRUE,,,,,,
profile_employee_default_address_id,,clientData,hidden,,,TRUE,,,,,,,
profile_employee_country,,clientData,hidden,,,TRUE,TRUE,,,,,,
profile_employee_culture,,userData,string,,,,TRUE,,,,,,
profile_employee_snapshot_id,,clientData,hidden,,,TRUE,TRUE,,,,,,
profile_employee_links,,clientData,object,,,TRUE,TRUE,,,,,,
profile_employee_object_type,,clientData,hidden,,,TRUE,TRUE,,,,,,
profile_employee_resource_status,,clientData,hidden,,,TRUE,TRUE,,,,,,
profile_employee_type,,clientData,hidden,,,,TRUE,,employee,,,,
profile_employee_name,,userData,string,,,TRUE,TRUE,,,,,,
profile_employee_first_name,,clientData,hidden,,,TRUE,TRUE,,,,,,
profile_employee_last_name,,clientData,hidden,,,TRUE,TRUE,,,,,,
profile_employee_company_name,,userData,string,,,,TRUE,,,,,,
profile_employee_email,,userData,string,,,,TRUE,,,,,,
profile_employee_language,,userData,string,,,,TRUE,,,,,,
profile_consumer_id,,clientData,hidden,,,TRUE,TRUE,,,,,,
profile_consumer_etag,,clientData,hidden,,,TRUE,TRUE,,,,,,
profile_consumer_customer_id,,clientData,hidden,,,TRUE,TRUE,,,,,,
profile_consumer_default_address_id,,clientData,hidden,,,TRUE,TRUE,,,,,,
profile_consumer_country,,clientData,hidden,,,TRUE,TRUE,,,,,,
profile_consumer_culture_add,,clientData,hidden,,,,TRUE,,EN,,,,
profile_consumer_culture_update,,clientData,hidden,,,,TRUE,,,,,,
profile_consumer_snapshot_id,,clientData,hidden,,,TRUE,TRUE,,,,,,
profile_consumer_links,,clientData,object,,,TRUE,TRUE,,,,,,
profile_consumer_object_type,,clientData,hidden,,,TRUE,TRUE,,,,,,
profile_consumer_resource_status,,clientData,hidden,,,TRUE,TRUE,,,,,,
profile_consumer_type,,clientData,hidden,,,,TRUE,,consumer,,,,
profile_consumer_first_name,,userData,string,,,TRUE,TRUE,,,,,,
profile_consumer_last_name,,userData,string,,,TRUE,TRUE,,,,,,
profile_consumer_company_name,,userData,string,,,TRUE,TRUE,,,,,,
profile_consumer_email_address,,userData,string,,,TRUE,TRUE,,,,,,
profile_consumer_locale_id,,userData,number,,,TRUE,TRUE,,,,,,
profile_consumer_birth_date,,userData,string,,,TRUE,TRUE,,,,,,
profile_consumer_language,,userData,string,,,TRUE,TRUE,,,,,,
profile_consumer_hcti,,userData,string,,,TRUE,TRUE,,,,,,
profile_consumer_nationality,,userData,string,,,TRUE,TRUE,,,,,,
profile_organization_id,,clientData,hidden,,,TRUE,TRUE,,,,,,
profile_organization_etag,,clientData,hidden,,,TRUE,TRUE,,,,,,
profile_organization_customer_id,,clientData,hidden,,,TRUE,TRUE,,,,,,
profile_organization_default_address_id,,clientData,hidden,,,TRUE,,,,,,,
profile_organization_country,,clientData,hidden,,,TRUE,TRUE,,,,,,
profile_organization_culture,,userData,string,,,,TRUE,,,,,,
profile_organization_snapshot_id,,clientData,hidden,,,TRUE,TRUE,,,,,,
profile_organization_links,,clientData,object,,,TRUE,TRUE,,,,,,
profile_organization_object_type,,clientData,hidden,,,TRUE,TRUE,,,,,,
profile_organization_resource_status,,clientData,hidden,,,TRUE,TRUE,,,,,,
profile_organization_type,,clientData,hidden,,,,TRUE,,organization,,,,
profile_organization_first_name,,clientData,hidden,,,TRUE,TRUE,,,,,,
profile_organization_last_name,,clientData,hidden,,,TRUE,TRUE,,,,,,
profile_organization_company_name,,userData,string,,,,TRUE,,,,,,
profile_organization_email,,userData,string,,,,TRUE,,,,,,
profile_organization_language,,userData,string,,,,TRUE,,,,,,
profile_organization_love_code,,userData,string,,,TRUE,TRUE,,,,,,
profile_organization_mobile_barcode,,userData,string,,,TRUE,TRUE,,,,,,
profile_is_tax_enabled,,userData,bool,,TRUE,,TRUE,,TRUE,,,,TRUE
profile_is_tax_disabled,,userData,bool,,TRUE,TRUE,TRUE,,FALSE,,,,TRUE
profile_turkey_foo,,userData,string,,,TRUE,,,,,,,
profile_legalentity_id,,clientData,hidden,,,TRUE,TRUE,,,,,,
profile_legalentity_etag,,clientData,hidden,,,TRUE,TRUE,,,,,,
profile_legalentity_customer_id,,clientData,hidden,,,TRUE,TRUE,,,,,,
profile_legalentity_default_address_id,,clientData,hidden,,,TRUE,,,,,,,
profile_legalentity_country,,clientData,hidden,,,TRUE,TRUE,,,,,,
profile_legalentity_culture,,userData,string,,,,TRUE,,,,,,
profile_legalentity_company_name,,userData,string,,,,TRUE,,,,,,
profile_legalentity_language,,userData,string,,,,TRUE,,,,,,
profile_legalentity_snapshot_id,,clientData,hidden,,,TRUE,TRUE,,,,,,
profile_legalentity_links,,clientData,object,,,TRUE,TRUE,,,,,,
profile_legalentity_object_type,,clientData,hidden,,,TRUE,TRUE,,,,,,
profile_legalentity_resource_status,,clientData,hidden,,,TRUE,TRUE,,,,,,
profile_legalentity_type,,clientData,hidden,,,,TRUE,,organization,,,,
profile_legalentity_type_new,,clientData,hidden,,,,TRUE,,legalentity,,,,
profile_legalentity_first_name,,clientData,hidden,,,TRUE,TRUE,,,,,,
profile_legalentity_last_name,,clientData,hidden,,,TRUE,TRUE,,,,,,
profile_legalentity_company_name,,userData,string,,,,TRUE,,,,,,
profile_legalentity_email,,userData,string,,,,TRUE,,,,,,
directDebitAchMandateSelected,us,userData,bool,,,,,,,,,,
klarnaMandateSelected,,userData,bool,,,,,,,,,,
payment_method_displayId,,clientData,hidden,,,,TRUE,,,,,,
payment_method_id,,userData,string,,,,TRUE,,,,,,
payment_method_action,,userData,string,,,,TRUE,,,,,,
payment_instrument_methodFamily,,userData,string,,,,TRUE,,,,,,
payment_instrument_methodType,,userData,string,,,,TRUE,,,,,,
primary_instance_id,,userData,returnObject,,,,TRUE,,,,,,
search_instance_id,,userData,returnObject,,,,TRUE,,,,,,
backup_instance_id,,userData,returnObject,,,,TRUE,,,,,,
validate_instance_id,,userData,hidden,,TRUE,TRUE,FALSE,,,,,,
single_primary_instance_id,,userData,hidden,,,,TRUE,,,,,,
single_primary_instance,,userData,hidden,,,,TRUE,,,,,,
single_backup_instance_id,,userData,hidden,,,,TRUE,,,,,,
single_backup_instance,,userData,hidden,,,,TRUE,,,,,,
hmacProperty,,clientData,hidden,,FALSE,TRUE,TRUE,hmacSignature,,,,,
klarna_gender,,userData,string,,,,TRUE,,,{}KlarnaGender,,,
klarna_personal_number,,userData,string,,,,TRUE,,,,,,
klarna_ip_address,,userData,string,,,TRUE,TRUE,,,,,,
order_subtotal,,clientData,string,,,,,,,,,,
order_tax,,clientData,string,,,,,,,,,,
order_total,,clientData,string,,,,,,,,,,
order_items,,clientData,string,,,,,,,,,,
billing_group_profile_id,,clientData,string,,,,TRUE,,({partnerData.prefillData.jarvisProfileId}),,,,
billing_group_org_id,,clientData,string,,,,TRUE,,({partnerData.prefillData.organizationId}),,,,
billing_group_currency,,clientData,string,,,,TRUE,,({partnerData.prefillData.currency}),,,,
billing_group_description,,userData,string,,,,TRUE,,({partnerData.prefillData.description}),,,,
billing_group_payment_instrument_id,,userData,string,,,,TRUE,,({partnerData.prefillData.paymentInstrumentId}),,,,
billing_group_id,,userData,string,,,,TRUE,,({partnerData.prefillData.billingGroupId}),,,,
billing_group_po_number,,userData,string,,,TRUE,TRUE,,({partnerData.prefillData.poNumber}),,,,
payment_instrument_id,,userData,string,,,,TRUE,,({partnerData.prefillData.selectedPIId}),,,,
profile_address_line_1_databinding,{}AddressLine1M,userData,string,,,,TRUE,,({dataSources.profileResource.default_address.address_line1}),,,,
profile_address_line_2_databinding,{}AddressLine2O,userData,string,,,TRUE,TRUE,,({dataSources.profileResource.default_address.address_line2}),,,,
profile_address_line_3_databinding,{}AddressLine3O,userData,string,,,TRUE,TRUE,,({dataSources.profileResource.default_address.address_line3}),,,,
profile_address_city_databinding,{}AddressCityM,userData,string,,,,TRUE,,({dataSources.profileResource.default_address.city}),,,,
profile_address_state_county_databinding,{}AddressCountyO,userData,string,,,TRUE,TRUE,,({dataSources.profileResource.default_address.county}),,,,
profile_address_state_province_databinding,{}AddressProvinceM,userData,string,,,,TRUE,,({dataSources.profileResource.default_address.region}),,,,
profile_address_state_province_databinding,{}AddressProvinceO,userData,string,,,TRUE,TRUE,,({dataSources.profileResource.default_address.region}),,,,
profile_address_state_province_databinding,CA,userData,string,,,,TRUE,,({dataSources.profileResource.default_address.region}),{}CAProvinces,,,
profile_address_state_province_databinding,CN,userData,string,,,,TRUE,,({dataSources.profileResource.default_address.region}),{}CNProvinces,,,
profile_address_state_province_databinding,ES,userData,string,,,,TRUE,,({dataSources.profileResource.default_address.region}),{}ESProvinces,,,
profile_address_state_state_databinding,{}AddressStateM,userData,string,,,,TRUE,,({dataSources.profileResource.default_address.region}),,,,
profile_address_state_state_databinding,{}AddressStateO,userData,string,,,TRUE,TRUE,,({dataSources.profileResource.default_address.region}),,,,
profile_address_state_state_databinding,US,userData,string,,,,TRUE,,({dataSources.profileResource.default_address.region}),{}USStates,,,
profile_address_state_state_databinding,AU,userData,string,,,,TRUE,,({dataSources.profileResource.default_address.region}),{}AUStatesAndTerritories,,,
profile_address_state_state_databinding,BR,userData,string,,,,TRUE,,({dataSources.profileResource.default_address.region}),{}BRStates,,,
profile_address_state_state_databinding,IN,userData,string,,,,TRUE,,({dataSources.profileResource.default_address.region}),{}INStates,,,
profile_address_state_state_databinding,IT,userData,string,,,,TRUE,,({dataSources.profileResource.default_address.region}),{}ITStates,,,
profile_address_state_state_databinding,JP,userData,string,,,,TRUE,,({dataSources.profileResource.default_address.region}),{}JPStates,,,
profile_address_state_state_databinding,MX,userData,string,,,,TRUE,,({dataSources.profileResource.default_address.region}),{}MXStates,,,
profile_address_state_state_databinding,MY,userData,string,,,,TRUE,,({dataSources.profileResource.default_address.region}),{}MYStates,,,
profile_address_state_state_databinding,NL,userData,string,,,,TRUE,,({dataSources.profileResource.default_address.region}),{}NLStates,,,
profile_address_state_state_databinding,AE,userData,string,,,,TRUE,,({dataSources.profileResource.default_address.region}),{}UAEStates,,,
profile_address_zip_postalcode_databinding,{}AddressPostalCodeM,userData,string,,,,TRUE,,({dataSources.profileResource.default_address.postal_code}),,,,
profile_address_zip_postalcode_databinding,{}AddressPostalCodeO,userData,string,,,TRUE,TRUE,,({dataSources.profileResource.default_address.postal_code}),,,,
profile_address_country_databinding,,userData,string,,TRUE,,TRUE,,({dataSources.profileResource.default_address.country}),{}MarketsAll,,,
profile_address_first_name_databinding,,userData,string,,,TRUE,TRUE,,({dataSources.profileResource.default_address.first_name}),,,,
profile_address_middle_name_databinding,,userData,string,,,TRUE,TRUE,,({dataSources.profileResource.default_address.middle_name}),,,,
profile_address_last_name_databinding,,userData,string,,,TRUE,TRUE,,({dataSources.profileResource.default_address.last_name}),,,,
profile_address_phone_number_databinding,,userData,string,,,TRUE,TRUE,,({dataSources.profileResource.default_address.phone_number}),,,,
profile_company_name_databinding,,userData,string,,,,TRUE,,({dataSources.profileResource.company_name}),,,,
profile_email_databinding,,userData,string,,,,TRUE,,({dataSources.profileResource.email}),,,,
profile_organization_love_code_databinding,,userData,string,,,,TRUE,,({dataSources.profileResource.love_code}),,,,
profile_organization_mobile_barcode_databinding,,userData,string,,,,TRUE,,({dataSources.profileResource.mobile_barcode}),,,,
profile_legalentity_address_line_1_databinding,,userData,string,,,TRUE,TRUE,,({dataSources.profileResource.address.addressLine1}),,,,
profile_legalentity_address_line_1_databinding,{}AddressLine1M,userData,string,,,,TRUE,,({dataSources.profileResource.address.addressLine1}),,,,
profile_legalentity_address_line_2_databinding,,userData,string,,,TRUE,TRUE,,({dataSources.profileResource.address.addressLine2}),,,,
profile_legalentity_address_line_3_databinding,,userData,string,,,TRUE,TRUE,,({dataSources.profileResource.address.addressLine3}),,,,
profile_legalentity_address_city_databinding,,userData,string,,,TRUE,TRUE,,({dataSources.profileResource.address.city}),,,,
profile_legalentity_address_city_databinding,{}AddressCityM,userData,string,,,,TRUE,,({dataSources.profileResource.address.city}),,,,
profile_legalentity_address_state_databinding,,userData,string,,,TRUE,TRUE,,({dataSources.profileResource.address.region}),,,,
profile_legalentity_address_state_databinding,{}AddressProvinceM,userData,string,,,,TRUE,,({dataSources.profileResource.address.region}),,,,
profile_legalentity_address_state_databinding,{}AddressStateM,userData,string,,,,TRUE,,({dataSources.profileResource.address.region}),,,,
profile_legalentity_address_state_databinding,CA,userData,string,,,,TRUE,,({dataSources.profileResource.address.region}),{}CAProvinces,,,
profile_legalentity_address_state_databinding,CN,userData,string,,,,TRUE,,({dataSources.profileResource.address.region}),{}CNProvinces,,,
profile_legalentity_address_state_databinding,ES,userData,string,,,,TRUE,,({dataSources.profileResource.address.region}),{}ESProvinces,,,
profile_legalentity_address_state_databinding,US,userData,string,,,,TRUE,,({dataSources.profileResource.address.region}),{}USStates,,,
profile_legalentity_address_state_databinding,AU,userData,string,,,,TRUE,,({dataSources.profileResource.address.region}),{}AUStatesAndTerritories,,,
profile_legalentity_address_state_databinding,BR,userData,string,,,,TRUE,,({dataSources.profileResource.address.region}),{}BRStates,,,
profile_legalentity_address_state_databinding,IN,userData,string,,,,TRUE,,({dataSources.profileResource.address.region}),{}INStates,,,
profile_legalentity_address_state_databinding,IT,userData,string,,,,TRUE,,({dataSources.profileResource.address.region}),{}ITStates,,,
profile_legalentity_address_state_databinding,JP,userData,string,,,,TRUE,,({dataSources.profileResource.address.region}),{}JPStates,,,
profile_legalentity_address_state_databinding,MX,userData,string,,,,TRUE,,({dataSources.profileResource.address.region}),{}MXStates,,,
profile_legalentity_address_state_databinding,MY,userData,string,,,,TRUE,,({dataSources.profileResource.address.region}),{}MYStates,,,
profile_legalentity_address_state_databinding,NL,userData,string,,,,TRUE,,({dataSources.profileResource.address.region}),{}NLStates,,,
profile_legalentity_address_state_databinding,AE,userData,string,,,,TRUE,,({dataSources.profileResource.address.region}),{}UAEStates,,,
profile_legalentity_address_postalcode_databinding,,userData,string,,,TRUE,TRUE,,({dataSources.profileResource.address.postalCode}),,,,
profile_legalentity_address_postalcode_databinding,{}AddressPostalCodeM,userData,string,,,,TRUE,,({dataSources.profileResource.address.postalCode}),,,,
profile_legalentity_address_country_databinding,,userData,string,,,,TRUE,,({dataSources.profileResource.address.country}),{}MarketsAll,,,
profile_legalentity_address_companyname_databinding,,userData,string,,,,TRUE,,({dataSources.profileResource.address.companyName}),,,,
profile_legalentity_primarycontact_firstname_databinding,,userData,string,,,,TRUE,,({dataSources.profileResource.primaryContact.firstName}),,,,
profile_legalentity_primarycontact_lastname_databinding,,userData,string,,,,TRUE,,({dataSources.profileResource.primaryContact.lastName}),,,,
profile_legalentity_primarycontact_phonenumber_databinding,,userData,string,,,,TRUE,,({dataSources.profileResource.primaryContact.phoneNumber}),,,,
profile_legalentity_primarycontact_email_databinding,,userData,string,,,,TRUE,,({dataSources.profileResource.primaryContact.email}),,,,
profile_legalentity_love_code_databinding,,userData,string,,,,TRUE,,({dataSources.profileResource.love_code}),,,,
profile_legalentity_mobile_barcode_databinding,,userData,string,,,,TRUE,,({dataSources.profileResource.mobile_barcode}),,,,
address_billingGroup_firstname,,userData,string,,,,TRUE,,({partnerData.prefillData.defaultAddress.d_first_name}),,,,
address_billingGroup_lastname,,userData,string,,,,TRUE,,({partnerData.prefillData.defaultAddress.d_last_name}),,,,
address_billingGroup_address_line_1,,userData,string,,,TRUE,TRUE,,({partnerData.prefillData.defaultAddress.d_address_line1}),,,,
address_billingGroup_address_line_1,{}AddressLine1M,userData,string,,,,TRUE,,({partnerData.prefillData.defaultAddress.d_address_line1}),,,,
address_billingGroup_address_line_2,,userData,string,,,TRUE,TRUE,,({partnerData.prefillData.defaultAddress.d_address_line2}),,,,
address_billingGroup_address_line_3,,userData,string,,,TRUE,TRUE,,({partnerData.prefillData.defaultAddress.d_address_line3}),,,,
address_billingGroup_city,,userData,string,,,TRUE,TRUE,,({partnerData.prefillData.defaultAddress.d_city}),,,,
address_billingGroup_city,{}AddressCityM,userData,string,,,,TRUE,,({partnerData.prefillData.defaultAddress.d_city}),,,,
address_billingGroup_state,,userData,string,,,TRUE,TRUE,,({partnerData.prefillData.defaultAddress.d_region}),,,,
address_billingGroup_state,{}AddressProvinceM,userData,string,,,,TRUE,,({partnerData.prefillData.defaultAddress.d_region}),,,,
address_billingGroup_state,{}AddressStateM,userData,string,,,,TRUE,,({partnerData.prefillData.defaultAddress.d_region}),,,,
address_billingGroup_state,CA,userData,string,,,,TRUE,,({partnerData.prefillData.defaultAddress.d_region}),{}CAProvinces,,,
address_billingGroup_state,CN,userData,string,,,,TRUE,,({partnerData.prefillData.defaultAddress.d_region}),{}CNProvinces,,,
address_billingGroup_state,ES,userData,string,,,,TRUE,,({partnerData.prefillData.defaultAddress.d_region}),{}ESProvinces,,,
address_billingGroup_state,US,userData,string,,,,TRUE,,({partnerData.prefillData.defaultAddress.d_region}),{}USStates,,,
address_billingGroup_state,AU,userData,string,,,,TRUE,,({partnerData.prefillData.defaultAddress.d_region}),{}AUStatesAndTerritories,,,
address_billingGroup_state,BR,userData,string,,,,TRUE,,({partnerData.prefillData.defaultAddress.d_region}),{}BRStates,,,
address_billingGroup_state,IN,userData,string,,,,TRUE,,({partnerData.prefillData.defaultAddress.d_region}),{}INStates,,,
address_billingGroup_state,IT,userData,string,,,,TRUE,,({partnerData.prefillData.defaultAddress.d_region}),{}ITStates,,,
address_billingGroup_state,JP,userData,string,,,,TRUE,,({partnerData.prefillData.defaultAddress.d_region}),{}JPStates,,,
address_billingGroup_state,MX,userData,string,,,,TRUE,,({partnerData.prefillData.defaultAddress.d_region}),{}MXStates,,,
address_billingGroup_state,MY,userData,string,,,,TRUE,,({partnerData.prefillData.defaultAddress.d_region}),{}MYStates,,,
address_billingGroup_state,NL,userData,string,,,,TRUE,,({partnerData.prefillData.defaultAddress.d_region}),{}NLStates,,,
address_billingGroup_state,AE,userData,string,,,,TRUE,,({partnerData.prefillData.defaultAddress.d_region}),{}UAEStates,,,
address_billingGroup_postalcode,,userData,string,,,TRUE,TRUE,,({partnerData.prefillData.defaultAddress.d_postal_code}),,,,
address_billingGroup_postalcode,{}AddressPostalCodeM,userData,string,,,,TRUE,,({partnerData.prefillData.defaultAddress.d_postal_code}),,,,
address_billingGroup_country,,userData,string,,,,TRUE,,()CountryId,{}MarketsAll,,,
tax_id_value_vat_id_databinding,,userData,string,,,TRUE,TRUE,,({dataSources.taxResource.value[0].taxId}),,,,
tax_id_value_vat_id_databinding,eg,userData,string,,,TRUE,TRUE,,(<|getVatId|>),,,,
tax_id_value_brazil_cnpj_id_databinding,,userData,string,,,TRUE,TRUE,,({dataSources.taxResource.value[0].taxId}),,,,
tax_id_value_india_state_gst_in_id_databinding,,userData,string,hapiIndiaGstId,,TRUE,TRUE,,(<|getIndiaGSTID|>),,,,
tax_id_value_india_pan_id_databinding,,userData,string,hapiIndiaPanId,,,TRUE,,(<|getIndiaPANID|>),,,,
tax_id_value_national_identification_number_databinding,,userData,string,hapiCodiceFiscaleId,,,TRUE,,({dataSources.taxResource.value[1].taxId}),,,,
tax_id_value_egypt_national_identification_number_databinding,,userData,string,hapiNationalId,,TRUE,TRUE,,(<|getNationalIdentificationNumber|>),,,,
hapitaxId_vat_love_code_databinding,,userData,string,,,TRUE,TRUE,,({dataSources.taxResource.value[0].additionalData.loveCode}),,,,
hapitaxId_vat_mobile_barcode_databinding,,userData,string,,,TRUE,TRUE,,({dataSources.taxResource.value[0].additionalData.mobileBarcode}),,,,
companyPONumber,,userData,string,,,TRUE,TRUE,,,,,,
companyPONumberVirtual,,userData,string,,,TRUE,TRUE,,,,,,
recipientName,,userData,string,,,,TRUE,,,,,,
payment_method_update_address_enabled,,userData,bool,,TRUE,,TRUE,,TRUE,,,,TRUE
payment_method_update_address_disabled,,userData,bool,,TRUE,TRUE,TRUE,,FALSE,,,,TRUE
profile_consumer_first_name,,userData,string,,,,TRUE,,({dataSources.profileResource.first_name}),,,,
profile_consumer_last_name,,userData,string,,,,TRUE,,({dataSources.profileResource.last_name}),,,,
profile_consumer_email_address,,userData,string,,,,TRUE,,({dataSources.profileResource.email_address}),,,,
invoiceCheckMandateSelected,,userData,bool,,,,,,,,,,
dateOfBirth,,userData,string,,,,TRUE,,,,,,
set_as_default_shipping_address,,userData,bool,,,TRUE,TRUE,,,,,,
set_as_default_billing_address,,userData,bool,,,TRUE,TRUE,,,,,,
stored_value_market,,userData,string,,,,TRUE,,()CountryId,{}MarketsAll,,,
stored_value_language,,userData,string,,,,TRUE,,()language,{}Languages,,,
stored_value_token_identifier_value,,userData,string,,,,,,,,,,
stored_value_token_identifier_verify_type,,clientData,string,,,,,,TokenCode,,,,
stored_value_token_identifier_redeem_type,,clientData,string,,,,,,Token,,,,
stored_value_token_client,,clientData,string,,,,,,Pidl,,,,
redeem_token_identifier_value,,userData,string,,,,TRUE,,,,,,
redeem_token_action_type,,clientData,string,,,,,,validate,,,,
checkout_email_address,,userData,string,,,,TRUE,,,,,,
checkout_address_country,,clientData,string,,TRUE,,TRUE,,()CountryId,{}MarketsAll,,,
upi_vpa,,userData,string,,,,,,,,,,
upi_vpa_country,,clientData,string,,TRUE,,FALSE,,()CountryId,{}MarketsAll,,,
upi_vpa_partnerName,,clientData,string,,TRUE,,FALSE,,()PartnerName,,,,
selected_PIID,,userData,string,,,TRUE,TRUE,,,,,,
token_Reference,,clientData,string,,,TRUE,TRUE,,,,,,
express_Checkout_PaymentData,,userData,string,,,TRUE,TRUE,,,,,,
cart_tax,,userData,string,,,TRUE,TRUE,,"0.00",,,,
cart_subtotal,,userData,string,,,TRUE,TRUE,,,,,,
cart_total,,userData,string,,,TRUE,TRUE,,,,,,
show_summary,,userData,string,,,TRUE,TRUE,,,,,,
piid,,clientData,hidden,,,,FALSE,,,,,,
challengeMethodId,,userData,string,,,,,,,,,,
paymentMethodType,,clientData,string,,,TRUE,TRUE,,,,,,
paymentInstrumentId,,clientData,string,,,TRUE,TRUE,,,,,,
accountHolderEmail,,userData,string,,,TRUE,TRUE,,,,,,
currencyCode,,clientData,string,,,TRUE,TRUE,,,,,,
mandateJsonString,,clientData,string,,,TRUE,TRUE,,,,,,
challengeMethodsJsonString,,clientData,string,,,TRUE,TRUE,,,,,,
applicationUrl,,clientData,string,,,TRUE,TRUE,,,,,,
merchantName,,clientData,string,,,TRUE,TRUE,,,,,,
totalAuthenticationAmount,,userData,string,,,TRUE,TRUE,,,,,,
platformType,,clientData,string,,,TRUE,TRUE,,,,,,
FIDOResponse,,userData,string,,,TRUE,TRUE,,,,,,
dfpSessionID,,userData,string,,,TRUE,TRUE,,,,,,
browserDataJsonString,,clientData,string,,,TRUE,TRUE,,,,,,
sessionContextJsonString,,clientData,string,,,TRUE,TRUE,,,,,,