PropertyDescriptionId,CountryIds,Target,Category,UrlTransformationType,InputRegex,TransformationRegex
non_sim_mobi_phone_number,,forSubmit,service,ToPhoneNumberE164,,
tax_id_state_india_state_gst_in_id,,forSubmit,service,IndiaStateFullNameToInitials,,
card_last_fourdigits,,forDisplay,regex,,^\d{4},**$&
card_number_cup,,forDisplay,regex,,^\d*(\d{4}),**$1
card_number_mc,,forDisplay,regex,,^\d*(\d{4}),**$1
card_number_visa,,forDisplay,regex,,^\d*(\d{4}),**$1
card_number_amex,,forDisplay,regex,,^\d*(\d{4}),**$1
card_number_discover,,forDisplay,regex,,^\d*(\d{4}),**$1
card_number_jcb,,forDisplay,regex,,^\d*(\d{4}),**$1
card_number_hiper,,forDisplay,regex,,^\d*(\d{4}),**$1
card_number_shinhan,,forDisplay,regex,,^\d*(\d{4}),**$1
card_number_bc,,forDisplay,regex,,^\d*(\d{4}),**$1
card_number_kb_kook_min,,forDisplay,regex,,^\d*(\d{4}),**$1
card_number_samsung,,forDisplay,regex,,^\d*(\d{4}),**$1
card_number_hyundai,,forDisplay,regex,,^\d*(\d{4}),**$1
card_number_lotte,,forDisplay,regex,,^\d*(\d{4}),**$1
card_number_nh,,forDisplay,regex,,^\d*(\d{4}),**$1
card_number_hana,,forDisplay,regex,,^\d*(\d{4}),**$1
card_number_citi,,forDisplay,regex,,^\d*(\d{4}),**$1
card_number_jeju,,forDisplay,regex,,^\d*(\d{4}),**$1
card_number_woori,,forDisplay,regex,,^\d*(\d{4}),**$1
card_number_suhyup,,forDisplay,regex,,^\d*(\d{4}),**$1
card_number_jeonbok,,forDisplay,regex,,^\d*(\d{4}),**$1
card_number_kwangju,,forDisplay,regex,,^\d*(\d{4}),**$1
card_number_shinhyup,,forDisplay,regex,,^\d*(\d{4}),**$1
card_number_elo,,forDisplay,regex,,^\d*(\d{4}),**$1
card_number_verve,,forDisplay,regex,,^\d*(\d{4}),**$1
card_number_rupay,,forDisplay,regex,,^\d*(\d{4}),**$1
card_number_cup,,forDisplay,regex,,^\d*(\d{4}),**$1
card_number_cup_international,,forDisplay,regex,,^\d*(\d{4}),**$1
cvv_3,,forDisplay,regex,,^\d*,***
cvv_4,,forDisplay,regex,,^\d*,****
directDebitAchAccount,,forDisplay,regex,,^[\s\S]*([\s\S]{4}),**$1
directDebitSepaAccount,,forDisplay,regex,,^[\s\S]*([\s\S]{4}),**$1
achPicvChallengeAmount,,forSubmit,regex,,"^\s*\u0024?\s*([0-9]*)\s*\.\s*([0-9])\s*([0-9])\s*$",$1.$2$3
sepaPicvChallengeAmount,,forSubmit,regex,,"^\s*\u20AC?\s*([0-9]*)\s*[\,\.]\s*([0-9])\s*([0-9])\s*$",$1.$2$3
klarna_personal_number,,forDisplay,regex,,^[\d\-]*([0-9a-zA-Z]{4}),**$1
klarna_personal_number,de,forDisplay,regex,,^\d{2}\.\d{2}\.(\d{4})$,**$1
klarna_personal_number,de,forSubmit,regex,,^(0[1-9]|[12][0-9]|3[01])[\.](0[1-9]|1[012])[\.](\d{4})$,$1$2$3
dateOfBirth,us,forSubmit,regex,,^(0[1-9]|1[012])[\/](0[1-9]|[12][0-9]|3[01])[\/](\d{4})$,$3-$1-$2
profile_employee_culture,AF,forSubmit,regex,,"^(?!ps-AF$|en-US$|ps-af$|en-us$).*",ps-AF
profile_employee_culture,AL,forSubmit,regex,,"^(?!sq-AL$|en-US$|sq-al$|en-us$).*",sq-AL
profile_employee_culture,AQ,forSubmit,regex,,"^(?!en-US$|en-us$).*",en-US
profile_employee_culture,DZ,forSubmit,regex,,"^(?!ar-DZ$|en-US$|ar-dz$|en-us$).*",ar-DZ
profile_employee_culture,AS,forSubmit,regex,,"^(?!en-US$|en-us$).*",en-US
profile_employee_culture,AD,forSubmit,regex,,"^(?!ca-ES$|en-US$|ca-es$|en-us$).*",ca-ES
profile_employee_culture,AO,forSubmit,regex,,"^(?!pt-PT$|en-US$|pt-pt$|en-us$).*",pt-PT
profile_employee_culture,AG,forSubmit,regex,,"^(?!en-US$|en-us$).*",en-US
profile_employee_culture,AX,forSubmit,regex,,"^(?!sv-SE$|en-US$|sv-se$|en-us$).*",sv-SE
profile_employee_culture,AZ,forSubmit,regex,,"^(?!az-Latn-AZ$|en-US$|az-latn-az$|en-us$).*",az-Latn-AZ
profile_employee_culture,AR,forSubmit,regex,,"^(?!es-AR$|en-US$|es-ar$|en-us$).*",es-AR
profile_employee_culture,AU,forSubmit,regex,,"^(?!en-AU$|en-US$|en-au$|en-us$).*",en-AU
profile_employee_culture,AT,forSubmit,regex,,"^(?!de-AT$|en-US$|de-at$|en-us$).*",de-AT
profile_employee_culture,BS,forSubmit,regex,,"^(?!en-GB$|en-US$|en-gb$|en-us$).*",en-GB
profile_employee_culture,BH,forSubmit,regex,,"^(?!ar-BH$|en-US$|ar-bh$|en-us$).*",ar-BH
profile_employee_culture,BD,forSubmit,regex,,"^(?!bn-BD$|en-US$|bn-bd$|en-us$).*",bn-BD
profile_employee_culture,AM,forSubmit,regex,,"^(?!hy-AM$|en-US$|hy-am$|en-us$).*",hy-AM
profile_employee_culture,BB,forSubmit,regex,,"^(?!en-GB$|en-US$|en-gb$|en-us$).*",en-GB
profile_employee_culture,BE,forSubmit,regex,,"^(?!fr-BE$|nl-BE$|en-US$|fr-be$|nl-be$|en-us$).*",fr-BE
profile_employee_culture,BL,forSubmit,regex,,"^(?!fr-FR$|en-US$|fr-fr$|en-us$).*",fr-FR
profile_employee_culture,BM,forSubmit,regex,,"^(?!en-GB$|en-US$|en-gb$|en-us$).*",en-GB
profile_employee_culture,BT,forSubmit,regex,,"^(?!en-US$|en-us$).*",en-US
profile_employee_culture,BO,forSubmit,regex,,"^(?!es-BO$|en-US$|es-bo$|en-us$).*",es-BO
profile_employee_culture,BA,forSubmit,regex,,"^(?!bs-Latn-BA$|en-US$|bs-latn-ba$|en-us$).*",bs-Latn-BA
profile_employee_culture,BW,forSubmit,regex,,"^(?!en-GB$|en-US$|en-gb$|en-us$).*",en-GB
profile_employee_culture,BV,forSubmit,regex,,"^(?!nb-NO$|en-US$|nb-no$|en-us$).*",nb-NO
profile_employee_culture,BR,forSubmit,regex,,"^(?!pt-BR$|en-US$|pt-br$|en-us$).*",pt-BR
profile_employee_culture,BZ,forSubmit,regex,,"^(?!en-BZ$|en-US$|en-bz$|en-us$).*",en-BZ
profile_employee_culture,IO,forSubmit,regex,,"^(?!en-US$|en-us$).*",en-US
profile_employee_culture,SB,forSubmit,regex,,"^(?!en-US$|en-us$).*",en-US
profile_employee_culture,VG,forSubmit,regex,,"^(?!en-US$|en-us$).*",en-US
profile_employee_culture,BN,forSubmit,regex,,"^(?!ms-BN$|en-US$|ms-bn$|en-us$).*",ms-BN
profile_employee_culture,BG,forSubmit,regex,,"^(?!bg-BG$|en-US$|bg-bg$|en-us$).*",bg-BG
profile_employee_culture,BI,forSubmit,regex,,"^(?!fr-FR$|en-US$|fr-fr$|en-us$).*",fr-FR
profile_employee_culture,BY,forSubmit,regex,,"^(?!be-BY$|en-US$|be-by$|en-us$).*",be-BY
profile_employee_culture,KH,forSubmit,regex,,"^(?!en-US$|km-KH$|en-us$|km-kh$).*",km-KH
profile_employee_culture,CM,forSubmit,regex,,"^(?!fr-FR$|en-US$|fr-fr$|en-us$).*",fr-FR
profile_employee_culture,CA,forSubmit,regex,,"^(?!fr-CA$|en-CA$|en-US$|fr-ca$|en-ca$|en-us$).*",en-CA
profile_employee_culture,CV,forSubmit,regex,,"^(?!pt-CV$|en-US$|pt-cv$|en-us$).*",pt-CV
profile_employee_culture,KY,forSubmit,regex,,"^(?!en-GB$|en-US$|en-gb$|en-us$).*",en-GB
profile_employee_culture,CF,forSubmit,regex,,"^(?!fr-FR$|en-US$|fr-fr$|en-us$).*",fr-FR
profile_employee_culture,LK,forSubmit,regex,,"^(?!si-LK$|en-US$|si-lk$|en-us$).*",si-LK
profile_employee_culture,TD,forSubmit,regex,,"^(?!fr-FR$|en-US$|fr-fr$|en-us$).*",fr-FR
profile_employee_culture,CL,forSubmit,regex,,"^(?!es-CL$|en-US$|es-cl$|en-us$).*",es-CL
profile_employee_culture,CN,forSubmit,regex,,"^(?!zh-CN$|en-US$|zh-cn$|en-us$).*",zh-CN
profile_employee_culture,TW,forSubmit,regex,,"^(?!zh-TW$|en-US$|zh-tw$|en-us$).*",zh-TW
profile_employee_culture,CX,forSubmit,regex,,"^(?!en-US$|en-us$).*",en-US
profile_employee_culture,CC,forSubmit,regex,,"^(?!en-US$|en-us$).*",en-US
profile_employee_culture,CO,forSubmit,regex,,"^(?!es-CO$|en-US$|es-co$|en-us$).*",es-CO
profile_employee_culture,KM,forSubmit,regex,,"^(?!fr-FR$|en-US$|fr-fr$|en-us$).*",fr-FR
profile_employee_culture,YT,forSubmit,regex,,"^(?!fr-FR$|en-US$|fr-fr$|en-us$).*",fr-FR
profile_employee_culture,CG,forSubmit,regex,,"^(?!fr-FR$|en-US$|fr-fr$|en-us$).*",fr-FR
profile_employee_culture,CK,forSubmit,regex,,"^(?!en-US$|en-us$).*",en-US
profile_employee_culture,CR,forSubmit,regex,,"^(?!es-CR$|en-US$|es-cr$|en-us$).*",es-CR
profile_employee_culture,HR,forSubmit,regex,,"^(?!hr-HR$|en-US$|hr-hr$|en-us$).*",hr-HR
profile_employee_culture,CW,forSubmit,regex,,"^(?!nl-NL$|en-US$|nl-nl$|en-us$).*",nl-NL
profile_employee_culture,CY,forSubmit,regex,,"^(?!el-GR$|en-US$|el-gr$|en-us$).*",el-GR
profile_employee_culture,CZ,forSubmit,regex,,"^(?!cs-CZ$|en-US$|cs-cz$|en-us$).*",cs-CZ
profile_employee_culture,BJ,forSubmit,regex,,"^(?!fr-FR$|en-US$|fr-fr$|en-us$).*",fr-FR
profile_employee_culture,DK,forSubmit,regex,,"^(?!da-DK$|en-US$|da-dk$|en-us$).*",da-DK
profile_employee_culture,DM,forSubmit,regex,,"^(?!en-US$|en-us$).*",en-US
profile_employee_culture,DO,forSubmit,regex,,"^(?!es-DO$|en-US$|es-do$|en-us$).*",es-DO
profile_employee_culture,EC,forSubmit,regex,,"^(?!es-EC$|en-US$|es-ec$|en-us$).*",es-EC
profile_employee_culture,SV,forSubmit,regex,,"^(?!es-SV$|en-US$|es-sv$|en-us$).*",es-SV
profile_employee_culture,GQ,forSubmit,regex,,"^(?!es-ES$|en-US$|es-es$|en-us$).*",es-ES
profile_employee_culture,ET,forSubmit,regex,,"^(?!am-ET$|en-US$|am-et$|en-us$).*",am-ET
profile_employee_culture,ER,forSubmit,regex,,"^(?!ar-SA$|en-US$|ar-sa$|en-us$).*",ar-SA
profile_employee_culture,EE,forSubmit,regex,,"^(?!et-EE$|en-US$|et-ee$|en-us$).*",et-EE
profile_employee_culture,FO,forSubmit,regex,,"^(?!fo-FO$|en-US$|fo-fo$|en-us$).*",fo-FO
profile_employee_culture,FK,forSubmit,regex,,"^(?!en-US$|en-us$).*",en-US
profile_employee_culture,GS,forSubmit,regex,,"^(?!en-US$|en-us$).*",en-US
profile_employee_culture,FJ,forSubmit,regex,,"^(?!en-GB$|en-US$|en-gb$|en-us$).*",en-GB
profile_employee_culture,FI,forSubmit,regex,,"^(?!fi-FI$|sv-FI$|en-US$|fi-fi$|sv-fi$|en-us$).*",fi-FI
profile_employee_culture,FR,forSubmit,regex,,"^(?!fr-FR$|en-US$|fr-fr$|en-us$).*",fr-FR
profile_employee_culture,GF,forSubmit,regex,,"^(?!fr-FR$|en-US$|fr-fr$|en-us$).*",fr-FR
profile_employee_culture,PF,forSubmit,regex,,"^(?!fr-FR$|en-US$|fr-fr$|en-us$).*",fr-FR
profile_employee_culture,TF,forSubmit,regex,,"^(?!fr-FR$|en-US$|fr-fr$|en-us$).*",fr-FR
profile_employee_culture,DJ,forSubmit,regex,,"^(?!fr-FR$|en-US$|fr-fr$|en-us$).*",fr-FR
profile_employee_culture,GA,forSubmit,regex,,"^(?!fr-FR$|en-US$|fr-fr$|en-us$).*",fr-FR
profile_employee_culture,GE,forSubmit,regex,,"^(?!ka-GE$|en-US$|ka-ge$|en-us$).*",ka-GE
profile_employee_culture,GM,forSubmit,regex,,"^(?!en-US$|en-us$).*",en-US
profile_employee_culture,PS,forSubmit,regex,,"^(?!ar-SA$|en-US$|ar-sa$|en-us$).*",ar-SA
profile_employee_culture,DE,forSubmit,regex,,"^(?!de-DE$|en-US$|de-de$|en-us$).*",de-DE
profile_employee_culture,GH,forSubmit,regex,,"^(?!en-GB$|en-US$|en-gb$|en-us$).*",en-GB
profile_employee_culture,GI,forSubmit,regex,,"^(?!en-US$|en-us$).*",en-US
profile_employee_culture,KI,forSubmit,regex,,"^(?!en-US$|en-us$).*",en-US
profile_employee_culture,GR,forSubmit,regex,,"^(?!el-GR$|en-US$|el-gr$|en-us$).*",el-GR
profile_employee_culture,GL,forSubmit,regex,,"^(?!da-DK$|da-dk$).*",da-DK
profile_employee_culture,GD,forSubmit,regex,,"^(?!en-US$|en-us$).*",en-US
profile_employee_culture,GP,forSubmit,regex,,"^(?!fr-FR$|en-US$|fr-fr$|en-us$).*",fr-FR
profile_employee_culture,GU,forSubmit,regex,,"^(?!en-US$|en-us$).*",en-US
profile_employee_culture,GT,forSubmit,regex,,"^(?!es-GT$|en-US$|es-gt$|en-us$).*",es-GT
profile_employee_culture,GN,forSubmit,regex,,"^(?!fr-FR$|en-US$|fr-fr$|en-us$).*",fr-FR
profile_employee_culture,GY,forSubmit,regex,,"^(?!en-US$|en-us$).*",en-US
profile_employee_culture,HT,forSubmit,regex,,"^(?!fr-FR$|en-US$|fr-fr$|en-us$).*",fr-FR
profile_employee_culture,HM,forSubmit,regex,,"^(?!en-US$|en-us$).*",en-US
profile_employee_culture,VA,forSubmit,regex,,"^(?!it-IT$|it-it$).*",it-IT
profile_employee_culture,HN,forSubmit,regex,,"^(?!es-HN$|en-US$|es-hn$|en-us$).*",es-HN
profile_employee_culture,HK,forSubmit,regex,,"^(?!zh-HK$|en-US$|zh-hk$|en-us$).*",zh-HK
profile_employee_culture,HU,forSubmit,regex,,"^(?!hu-HU$|en-US$|hu-hu$|en-us$).*",hu-HU
profile_employee_culture,IS,forSubmit,regex,,"^(?!is-IS$|en-US$|is-is$|en-us$).*",is-IS
profile_employee_culture,IN,forSubmit,regex,,"^(?!en-IN$|hi-IN$|en-US$|en-in$|hi-in$|en-us$).*",en-IN
profile_employee_culture,ID,forSubmit,regex,,"^(?!id-ID$|en-US$|id-id$|en-us$).*",id-ID
profile_employee_culture,IE,forSubmit,regex,,"^(?!en-IE$|en-US$|en-ie$|en-us$).*",en-IE
profile_employee_culture,IL,forSubmit,regex,,"^(?!he-IL$|en-US$|he-il$|en-us$).*",he-IL
profile_employee_culture,IT,forSubmit,regex,,"^(?!it-IT$|en-US$|it-it$|en-us$).*",it-IT
profile_employee_culture,CI,forSubmit,regex,,"^(?!fr-FR$|en-US$|fr-fr$|en-us$).*",fr-FR
profile_employee_culture,JM,forSubmit,regex,,"^(?!en-JM$|en-US$|en-jm$|en-us$).*",en-JM
profile_employee_culture,JP,forSubmit,regex,,"^(?!ja-JP$|en-US$|ja-jp$|en-us$).*",ja-JP
profile_employee_culture,KZ,forSubmit,regex,,"^(?!kk-KZ$|en-US$|kk-kz$|en-us$).*",kk-KZ
profile_employee_culture,JO,forSubmit,regex,,"^(?!ar-JO$|en-US$|ar-jo$|en-us$).*",ar-JO
profile_employee_culture,KE,forSubmit,regex,,"^(?!sw-KE$|en-US$|sw-ke$|en-us$).*",sw-KE
profile_employee_culture,KR,forSubmit,regex,,"^(?!ko-KR$|en-US$|ko-kr$|en-us$).*",ko-KR
profile_employee_culture,KW,forSubmit,regex,,"^(?!ar-KW$|en-US$|ar-kw$|en-us$).*",ar-KW
profile_employee_culture,KG,forSubmit,regex,,"^(?!ky-KG$|en-US$|ky-kg$|en-us$).*",ky-KG
profile_employee_culture,LA,forSubmit,regex,,"^(?!en-US$|lo-LA$|en-us$|lo-la$).*",lo-LA
profile_employee_culture,LB,forSubmit,regex,,"^(?!ar-LB$|en-US$|ar-lb$|en-us$).*",ar-LB
profile_employee_culture,LS,forSubmit,regex,,"^(?!en-US$|en-us$).*",en-US
profile_employee_culture,LV,forSubmit,regex,,"^(?!lv-LV$|en-US$|lv-lv$|en-us$).*",lv-LV
profile_employee_culture,LR,forSubmit,regex,,"^(?!en-US$|en-us$).*",en-US
profile_employee_culture,LY,forSubmit,regex,,"^(?!ar-LY$|en-US$|ar-ly$|en-us$).*",ar-LY
profile_employee_culture,LI,forSubmit,regex,,"^(?!de-LI$|en-US$|de-li$|en-us$).*",de-LI
profile_employee_culture,LT,forSubmit,regex,,"^(?!lt-LT$|en-US$|lt-lt$|en-us$).*",lt-LT
profile_employee_culture,LU,forSubmit,regex,,"^(?!de-LU$|fr-LU$|en-US$|de-lu$|fr-lu$|en-us$).*",fr-LU
profile_employee_culture,MO,forSubmit,regex,,"^(?!zh-MO$|en-US$|zh-mo$|en-us$).*",zh-MO
profile_employee_culture,MF,forSubmit,regex,,"^(?!fr-FR$|en-US$|fr-fr$|en-us$).*",fr-FR
profile_employee_culture,MG,forSubmit,regex,,"^(?!fr-FR$|en-US$|fr-fr$|en-us$).*",fr-FR
profile_employee_culture,MM,forSubmit,regex,,"^(?!en-US$|en-us$).*",en-US
profile_employee_culture,MW,forSubmit,regex,,"^(?!en-US$|en-us$).*",en-US
profile_employee_culture,MY,forSubmit,regex,,"^(?!en-MY$|en-US$|en-my$|en-us$).*",en-MY
profile_employee_culture,MV,forSubmit,regex,,"^(?!dv-MV$|en-US$|dv-mv$|en-us$).*",dv-MV
profile_employee_culture,ML,forSubmit,regex,,"^(?!fr-FR$|en-US$|fr-fr$|en-us$).*",fr-FR
profile_employee_culture,MT,forSubmit,regex,,"^(?!mt-MT$|en-US$|mt-mt$|en-us$).*",mt-MT
profile_employee_culture,MQ,forSubmit,regex,,"^(?!fr-FR$|en-US$|fr-fr$|en-us$).*",fr-FR
profile_employee_culture,MR,forSubmit,regex,,"^(?!ar-SA$|en-US$|ar-sa$|en-us$).*",ar-SA
profile_employee_culture,MU,forSubmit,regex,,"^(?!en-GB$|en-US$|en-gb$|en-us$).*",en-GB
profile_employee_culture,MX,forSubmit,regex,,"^(?!es-MX$|en-US$|es-mx$|en-us$).*",es-MX
profile_employee_culture,MC,forSubmit,regex,,"^(?!fr-MC$|en-US$|fr-mc$|en-us$).*",fr-MC
profile_employee_culture,MN,forSubmit,regex,,"^(?!mn-MN$|en-US$|mn-mn$|en-us$).*",mn-MN
profile_employee_culture,MD,forSubmit,regex,,"^(?!ro-RO$|en-US$|ro-ro$|en-us$).*",ro-RO
profile_employee_culture,ME,forSubmit,regex,,"^(?!sr-Latn-ME$|en-US$|sr-latn-me$|en-us$).*",sr-Latn-ME
profile_employee_culture,MS,forSubmit,regex,,"^(?!en-US$|en-us$).*",en-US
profile_employee_culture,MA,forSubmit,regex,,"^(?!ar-MA$|en-US$|ar-ma$|en-us$).*",ar-MA
profile_employee_culture,MZ,forSubmit,regex,,"^(?!pt-PT$|en-US$|pt-pt$|en-us$).*",pt-PT
profile_employee_culture,OM,forSubmit,regex,,"^(?!ar-OM$|en-US$|ar-om$|en-us$).*",ar-OM
profile_employee_culture,NA,forSubmit,regex,,"^(?!en-GB$|en-US$|en-gb$|en-us$).*",en-GB
profile_employee_culture,NR,forSubmit,regex,,"^(?!en-US$|en-us$).*",en-US
profile_employee_culture,NP,forSubmit,regex,,"^(?!ne-NP$|en-US$|ne-np$|en-us$).*",ne-NP
profile_employee_culture,NL,forSubmit,regex,,"^(?!nl-NL$|en-US$|nl-nl$|en-us$).*",nl-NL
profile_employee_culture,AN,forSubmit,regex,,"^(?!en-US$|en-us$).*",en-US
profile_employee_culture,AW,forSubmit,regex,,"^(?!nl-NL$|en-US$|nl-nl$|en-us$).*",nl-NL
profile_employee_culture,NC,forSubmit,regex,,"^(?!fr-FR$|en-US$|fr-fr$|en-us$).*",fr-FR
profile_employee_culture,VU,forSubmit,regex,,"^(?!en-US$|en-us$).*",en-US
profile_employee_culture,NZ,forSubmit,regex,,"^(?!en-NZ$|en-US$|en-nz$|en-us$).*",en-NZ
profile_employee_culture,NI,forSubmit,regex,,"^(?!es-NI$|en-US$|es-ni$|en-us$).*",es-NI
profile_employee_culture,NE,forSubmit,regex,,"^(?!fr-FR$|en-US$|fr-fr$|en-us$).*",fr-FR
profile_employee_culture,NG,forSubmit,regex,,"^(?!ha-Latn-NG$|en-US$|ha-latn-ng$|en-us$).*",ha-Latn-NG
profile_employee_culture,NU,forSubmit,regex,,"^(?!en-US$|en-us$).*",en-US
profile_employee_culture,NF,forSubmit,regex,,"^(?!en-US$|en-us$).*",en-US
profile_employee_culture,NO,forSubmit,regex,,"^(?!nb-NO$|en-US$|nb-no$|en-us$).*",nb-NO
profile_employee_culture,MP,forSubmit,regex,,"^(?!en-US$|en-us$).*",en-US
profile_employee_culture,UM,forSubmit,regex,,"^(?!en-US$|en-us$).*",en-US
profile_employee_culture,FM,forSubmit,regex,,"^(?!en-US$|en-us$).*",en-US
profile_employee_culture,MH,forSubmit,regex,,"^(?!en-US$|en-us$).*",en-US
profile_employee_culture,PW,forSubmit,regex,,"^(?!en-US$|en-us$).*",en-US
profile_employee_culture,PK,forSubmit,regex,,"^(?!ur-PK$|en-US$|ur-pk$|en-us$).*",ur-PK
profile_employee_culture,PA,forSubmit,regex,,"^(?!es-PA$|en-US$|es-pa$|en-us$).*",es-PA
profile_employee_culture,PG,forSubmit,regex,,"^(?!en-US$|en-us$).*",en-US
profile_employee_culture,PY,forSubmit,regex,,"^(?!es-PY$|en-US$|es-py$|en-us$).*",es-PY
profile_employee_culture,PE,forSubmit,regex,,"^(?!es-PE$|en-US$|es-pe$|en-us$).*",es-PE
profile_employee_culture,PH,forSubmit,regex,,"^(?!en-PH$|en-US$|en-ph$|en-us$).*",en-PH
profile_employee_culture,PN,forSubmit,regex,,"^(?!en-US$|en-us$).*",en-US
profile_employee_culture,PL,forSubmit,regex,,"^(?!pl-PL$|en-US$|pl-pl$|en-us$).*",pl-PL
profile_employee_culture,PT,forSubmit,regex,,"^(?!pt-PT$|en-US$|pt-pt$|en-us$).*",pt-PT
profile_employee_culture,GW,forSubmit,regex,,"^(?!pt-PT$|en-US$|pt-pt$|en-us$).*",pt-PT
profile_employee_culture,TL,forSubmit,regex,,"^(?!pt-PT$|en-US$|pt-pt$|en-us$).*",pt-PT
profile_employee_culture,PR,forSubmit,regex,,"^(?!es-PR$|en-US$|es-pr$|en-us$).*",es-PR
profile_employee_culture,QA,forSubmit,regex,,"^(?!ar-QA$|en-US$|ar-qa$|en-us$).*",ar-QA
profile_employee_culture,RE,forSubmit,regex,,"^(?!fr-FR$|en-US$|fr-fr$|en-us$).*",fr-FR
profile_employee_culture,RO,forSubmit,regex,,"^(?!ro-RO$|en-US$|ro-ro$|en-us$).*",ro-RO
profile_employee_culture,RU,forSubmit,regex,,"^(?!ru-RU$|en-US$|ru-ru$|en-us$).*",ru-RU
profile_employee_culture,RW,forSubmit,regex,,"^(?!rw-RW$|en-US$|rw-rw$|en-us$).*",rw-RW
profile_employee_culture,SH,forSubmit,regex,,"^(?!en-US$|en-us$).*",en-US
profile_employee_culture,KN,forSubmit,regex,,"^(?!en-GB$|en-US$|en-gb$|en-us$).*",en-GB
profile_employee_culture,AI,forSubmit,regex,,"^(?!en-US$|en-us$).*",en-US
profile_employee_culture,LC,forSubmit,regex,,"^(?!en-US$|en-us$).*",en-US
profile_employee_culture,PM,forSubmit,regex,,"^(?!fr-FR$|en-US$|fr-fr$|en-us$).*",fr-FR
profile_employee_culture,VC,forSubmit,regex,,"^(?!en-US$|en-us$).*",en-US
profile_employee_culture,SM,forSubmit,regex,,"^(?!it-IT$|en-US$|it-it$|en-us$).*",it-IT
profile_employee_culture,ST,forSubmit,regex,,"^(?!pt-PT$|en-US$|pt-pt$|en-us$).*",pt-PT
profile_employee_culture,SA,forSubmit,regex,,"^(?!ar-SA$|en-US$|ar-sa$|en-us$).*",ar-SA
profile_employee_culture,SN,forSubmit,regex,,"^(?!wo-SN$|en-US$|wo-sn$|en-us$).*",wo-SN
profile_employee_culture,SC,forSubmit,regex,,"^(?!en-US$|en-us$).*",en-US
profile_employee_culture,SL,forSubmit,regex,,"^(?!en-US$|en-us$).*",en-US
profile_employee_culture,SG,forSubmit,regex,,"^(?!en-SG$|zh-SG$|en-US$|en-sg$|zh-sg$|en-us$).*",en-SG
profile_employee_culture,SK,forSubmit,regex,,"^(?!sk-SK$|en-US$|sk-sk$|en-us$).*",sk-SK
profile_employee_culture,VN,forSubmit,regex,,"^(?!vi-VN$|en-US$|vi-vn$|en-us$).*",vi-VN
profile_employee_culture,SI,forSubmit,regex,,"^(?!sl-SI$|en-US$|sl-si$|en-us$).*",sl-SI
profile_employee_culture,ZA,forSubmit,regex,,"^(?!en-ZA$|en-US$|en-za$|en-us$).*",en-ZA
profile_employee_culture,ZW,forSubmit,regex,,"^(?!en-ZW$|en-US$|en-zw$|en-us$).*",en-ZW
profile_employee_culture,ES,forSubmit,regex,,"^(?!es-ES$|ca-ES$|eu-ES$|gl-ES$|en-US$|es-es$|ca-es$|eu-es$|gl-es$|en-us$).*",es-ES
profile_employee_culture,SR,forSubmit,regex,,"^(?!nl-NL$|en-US$|nl-nl$|en-us$).*",nl-NL
profile_employee_culture,SJ,forSubmit,regex,,"^(?!nb-NO$|en-US$|nb-no$|en-us$).*",nb-NO
profile_employee_culture,SZ,forSubmit,regex,,"^(?!en-US$|en-us$).*",en-US
profile_employee_culture,SE,forSubmit,regex,,"^(?!sv-SE$|en-US$|sv-se$|en-us$).*",sv-SE
profile_employee_culture,CH,forSubmit,regex,,"^(?!de-CH$|fr-CH$|it-CH$|en-US$|de-ch$|fr-ch$|it-ch$|en-us$).*",de-CH
profile_employee_culture,TJ,forSubmit,regex,,"^(?!tg-Cyrl-TJ$|en-US$|tg-cyrl-tj$|en-us$).*",tg-Cyrl-TJ
profile_employee_culture,TH,forSubmit,regex,,"^(?!th-TH$|en-US$|th-th$|en-us$).*",th-TH
profile_employee_culture,TG,forSubmit,regex,,"^(?!fr-FR$|en-US$|fr-fr$|en-us$).*",fr-FR
profile_employee_culture,TK,forSubmit,regex,,"^(?!en-US$|en-us$).*",en-US
profile_employee_culture,TO,forSubmit,regex,,"^(?!en-US$|en-us$).*",en-US
profile_employee_culture,TT,forSubmit,regex,,"^(?!en-TT$|en-US$|en-tt$|en-us$).*",en-TT
profile_employee_culture,AE,forSubmit,regex,,"^(?!ar-AE$|en-US$|ar-ae$|en-us$).*",ar-AE
profile_employee_culture,TN,forSubmit,regex,,"^(?!ar-TN$|en-US$|ar-tn$|en-us$).*",ar-TN
profile_employee_culture,TR,forSubmit,regex,,"^(?!tr-TR$|en-US$|tr-tr$|en-us$).*",tr-TR
profile_employee_culture,TM,forSubmit,regex,,"^(?!tk-TM$|en-US$|tk-tm$|en-us$).*",tk-TM
profile_employee_culture,TC,forSubmit,regex,,"^(?!en-US$|en-us$).*",en-US
profile_employee_culture,TV,forSubmit,regex,,"^(?!en-US$|en-us$).*",en-US
profile_employee_culture,UG,forSubmit,regex,,"^(?!en-GB$|en-US$|en-gb$|en-us$).*",en-GB
profile_employee_culture,UA,forSubmit,regex,,"^(?!uk-UA$|en-US$|uk-ua$|en-us$).*",uk-UA
profile_employee_culture,MK,forSubmit,regex,,"^(?!mk-MK$|en-US$|mk-mk$|en-us$).*",mk-MK
profile_employee_culture,EG,forSubmit,regex,,"^(?!ar-EG$|en-US$|ar-eg$|en-us$).*",ar-EG
profile_employee_culture,GB,forSubmit,regex,,"^(?!en-GB$|en-US$|en-gb$|en-us$).*",en-GB
profile_employee_culture,GG,forSubmit,regex,,"^(?!en-US$|en-us$).*",en-US
profile_employee_culture,JE,forSubmit,regex,,"^(?!en-US$|en-us$).*",en-US
profile_employee_culture,IM,forSubmit,regex,,"^(?!en-US$|en-us$).*",en-US
profile_employee_culture,TZ,forSubmit,regex,,"^(?!en-GB$|en-US$|en-gb$|en-us$).*",en-GB
profile_employee_culture,US,forSubmit,regex,,"^(?!en-US$|es-US$|en-us$|es-us$).*",en-US
profile_employee_culture,VI,forSubmit,regex,,"^(?!en-US$|en-us$).*",en-US
profile_employee_culture,BF,forSubmit,regex,,"^(?!fr-FR$|en-US$|fr-fr$|en-us$).*",fr-FR
profile_employee_culture,UY,forSubmit,regex,,"^(?!es-UY$|en-US$|es-uy$|en-us$).*",es-UY
profile_employee_culture,UZ,forSubmit,regex,,"^(?!uz-Latn-UZ$|en-US$|uz-latn-uz$|en-us$).*",uz-Latn-UZ
profile_employee_culture,VE,forSubmit,regex,,"^(?!es-VE$|en-US$|es-ve$|en-us$).*",es-VE
profile_employee_culture,WF,forSubmit,regex,,"^(?!fr-FR$|en-US$|fr-fr$|en-us$).*",fr-FR
profile_employee_culture,WS,forSubmit,regex,,"^(?!en-US$|en-us$).*",en-US
profile_employee_culture,YE,forSubmit,regex,,"^(?!ar-YE$|en-US$|ar-ye$|en-us$).*",ar-YE
profile_employee_culture,RS,forSubmit,regex,,"^(?!sr-Latn-RS$|sr-Cyrl-RS$|en-US$|sr-latn-rs$|sr-cyrl-rs$|en-us$).*",sr-Latn-RS
profile_employee_culture,ZM,forSubmit,regex,,"^(?!en-GB$|en-US$|en-gb$|en-us$).*",en-GB
profile_employee_culture,BQ,forSubmit,regex,,"^(?!nl-NL$|en-US$|nl-nl$|en-us$).*",nl-NL
profile_employee_culture,CD,forSubmit,regex,,"^(?!fr-FR$|en-US$|fr-fr$|en-us$).*",fr-FR
profile_employee_culture,IQ,forSubmit,regex,,"^(?!ar-IQ$|en-US$|ar-iq$|en-us$).*",ar-IQ
profile_employee_culture,XJ,forSubmit,regex,,"^(?!nb-NO$|en-US$|nb-no$|en-us$).*",nb-NO
profile_employee_culture,XK,forSubmit,regex,,"^(?!en-US$|en-us$).*",en-US
profile_employee_culture,SO,forSubmit,regex,,"^(?!ar-SA$|en-US$|ar-sa$|en-us$).*",ar-SA
profile_employee_culture,SS,forSubmit,regex,,"^(?!en-US$|en-us$).*",en-US
profile_employee_culture,SX,forSubmit,regex,,"^(?!en-US$|en-us$).*",en-US
profile_employee_culture,XS,forSubmit,regex,,"^(?!nl-NL$|en-US$|nl-nl$|en-us$).*",nl-NL
profile_employee_culture,XE,forSubmit,regex,,"^(?!nl-NL$|en-US$|nl-nl$|en-us$).*",nl-NL
profile_employee_language,AF,forSubmit,regex,,"^(?!en$|EN$).*",en
profile_employee_language,AL,forSubmit,regex,,"^(?!en$|EN$).*",en
profile_employee_language,AQ,forSubmit,regex,,"^(?!en$|EN$).*",en
profile_employee_language,DZ,forSubmit,regex,,"^(?!fr$|en$|ar$|FR$|EN$|AR$).*",en
profile_employee_language,AS,forSubmit,regex,,"^(?!en$|EN$).*",en
profile_employee_language,AD,forSubmit,regex,,"^(?!ca$|en$|CA$|EN$).*",en
profile_employee_language,AO,forSubmit,regex,,"^(?!en$|pt-PT$|EN$|PT-PT$).*",en
profile_employee_language,AG,forSubmit,regex,,"^(?!en$|EN$).*",en
profile_employee_language,AX,forSubmit,regex,,"^(?!sv$|en$|SV$|EN$).*",en
profile_employee_language,AZ,forSubmit,regex,,"^(?!en$|EN$).*",en
profile_employee_language,AR,forSubmit,regex,,"^(?!en$|es$|EN$|ES$).*",en
profile_employee_language,AU,forSubmit,regex,,"^(?!en$|EN$).*",en
profile_employee_language,AT,forSubmit,regex,,"^(?!en$|de$|EN$|DE$).*",en
profile_employee_language,BS,forSubmit,regex,,"^(?!en$|EN$).*",en
profile_employee_language,BH,forSubmit,regex,,"^(?!en$|ar$|EN$|AR$).*",en
profile_employee_language,BD,forSubmit,regex,,"^(?!en$|EN$).*",en
profile_employee_language,AM,forSubmit,regex,,"^(?!en$|EN$).*",en
profile_employee_language,BB,forSubmit,regex,,"^(?!en$|EN$).*",en
profile_employee_language,BE,forSubmit,regex,,"^(?!en$|fr$|nl$|EN$|FR$|NL$).*",en
profile_employee_language,BL,forSubmit,regex,,"^(?!fr$|en$|FR$|EN$).*",en
profile_employee_language,BM,forSubmit,regex,,"^(?!en$|EN$).*",en
profile_employee_language,BT,forSubmit,regex,,"^(?!en$|EN$).*",en
profile_employee_language,BO,forSubmit,regex,,"^(?!en$|es$|EN$|ES$).*",en
profile_employee_language,BA,forSubmit,regex,,"^(?!en$|EN$).*",en
profile_employee_language,BW,forSubmit,regex,,"^(?!en$|EN$).*",en
profile_employee_language,BV,forSubmit,regex,,"^(?!nb$|en$|NB$|EN$).*",en
profile_employee_language,BR,forSubmit,regex,,"^(?!en$|pt-BR$|pt$|EN$|PT-BR$|PT$).*",en
profile_employee_language,BZ,forSubmit,regex,,"^(?!en$|es$|EN$|ES$).*",en
profile_employee_language,IO,forSubmit,regex,,"^(?!en$|EN$).*",en
profile_employee_language,SB,forSubmit,regex,,"^(?!en$|EN$).*",en
profile_employee_language,VG,forSubmit,regex,,"^(?!en$|EN$).*",en
profile_employee_language,BN,forSubmit,regex,,"^(?!en$|ms$|EN$|MS$).*",en
profile_employee_language,BG,forSubmit,regex,,"^(?!en$|bg$|EN$|BG$).*",en
profile_employee_language,BI,forSubmit,regex,,"^(?!fr$|en$|FR$|EN$).*",en
profile_employee_language,BY,forSubmit,regex,,"^(?!ru$|en$|RU$|EN$).*",en
profile_employee_language,KH,forSubmit,regex,,"^(?!en$|EN$).*",en
profile_employee_language,CM,forSubmit,regex,,"^(?!en$|fr$|EN$|FR$).*",en
profile_employee_language,CA,forSubmit,regex,,"^(?!en$|fr$|EN$|FR$).*",en
profile_employee_language,CV,forSubmit,regex,,"^(?!en$|pt-PT$|EN$|PT-PT$).*",en
profile_employee_language,KY,forSubmit,regex,,"^(?!en$|EN$).*",en
profile_employee_language,CF,forSubmit,regex,,"^(?!fr$|en$|FR$|EN$).*",en
profile_employee_language,LK,forSubmit,regex,,"^(?!en$|EN$).*",en
profile_employee_language,TD,forSubmit,regex,,"^(?!fr$|en$|FR$|EN$).*",en
profile_employee_language,CL,forSubmit,regex,,"^(?!en$|es$|EN$|ES$).*",en
profile_employee_language,CN,forSubmit,regex,,"^(?!zh-CHS$|en$|ZH-CHS$|EN$).*",en
profile_employee_language,TW,forSubmit,regex,,"^(?!en$|zh-CHT$|EN$|ZH-CHT$).*",en
profile_employee_language,CX,forSubmit,regex,,"^(?!en$|EN$).*",en
profile_employee_language,CC,forSubmit,regex,,"^(?!en$|EN$).*",en
profile_employee_language,CO,forSubmit,regex,,"^(?!en$|es$|EN$|ES$).*",en
profile_employee_language,KM,forSubmit,regex,,"^(?!fr$|en$|FR$|EN$).*",en
profile_employee_language,YT,forSubmit,regex,,"^(?!fr$|en$|FR$|EN$).*",en
profile_employee_language,CG,forSubmit,regex,,"^(?!fr$|en$|FR$|EN$).*",en
profile_employee_language,CK,forSubmit,regex,,"^(?!en$|EN$).*",en
profile_employee_language,CR,forSubmit,regex,,"^(?!en$|es$|EN$|ES$).*",en
profile_employee_language,HR,forSubmit,regex,,"^(?!en$|hr$|EN$|HR$).*",en
profile_employee_language,CW,forSubmit,regex,,"^(?!en$|nl$|EN$|NL$).*",en
profile_employee_language,CY,forSubmit,regex,,"^(?!en$|el$|EN$|EL$).*",en
profile_employee_language,CZ,forSubmit,regex,,"^(?!en$|cs$|EN$|CS$).*",en
profile_employee_language,BJ,forSubmit,regex,,"^(?!fr$|en$|FR$|EN$).*",en
profile_employee_language,DK,forSubmit,regex,,"^(?!en$|da$|EN$|DA$).*",en
profile_employee_language,DM,forSubmit,regex,,"^(?!en$|EN$).*",en
profile_employee_language,DO,forSubmit,regex,,"^(?!es$|en$|ES$|EN$).*",en
profile_employee_language,EC,forSubmit,regex,,"^(?!es$|en$|ES$|EN$).*",en
profile_employee_language,SV,forSubmit,regex,,"^(?!es$|en$|ES$|EN$).*",en
profile_employee_language,GQ,forSubmit,regex,,"^(?!es$|en$|ES$|EN$).*",en
profile_employee_language,ET,forSubmit,regex,,"^(?!en$|EN$).*",en
profile_employee_language,ER,forSubmit,regex,,"^(?!ar$|en$|AR$|EN$).*",en
profile_employee_language,EE,forSubmit,regex,,"^(?!en$|et$|EN$|ET$).*",en
profile_employee_language,FO,forSubmit,regex,,"^(?!da$|en$|DA$|EN$).*",en
profile_employee_language,FK,forSubmit,regex,,"^(?!en$|EN$).*",en
profile_employee_language,GS,forSubmit,regex,,"^(?!en$|EN$).*",en
profile_employee_language,FJ,forSubmit,regex,,"^(?!en$|EN$).*",en
profile_employee_language,FI,forSubmit,regex,,"^(?!en$|fi$|sv$|EN$|FI$|SV$).*",en
profile_employee_language,FR,forSubmit,regex,,"^(?!en$|fr$|EN$|FR$).*",en
profile_employee_language,GF,forSubmit,regex,,"^(?!fr$|en$|FR$|EN$).*",en
profile_employee_language,PF,forSubmit,regex,,"^(?!fr$|en$|FR$|EN$).*",en
profile_employee_language,TF,forSubmit,regex,,"^(?!fr$|en$|FR$|EN$).*",en
profile_employee_language,DJ,forSubmit,regex,,"^(?!fr$|en$|FR$|EN$).*",en
profile_employee_language,GA,forSubmit,regex,,"^(?!fr$|en$|FR$|EN$).*",en
profile_employee_language,GE,forSubmit,regex,,"^(?!en$|EN$).*",en
profile_employee_language,GM,forSubmit,regex,,"^(?!en$|EN$).*",en
profile_employee_language,PS,forSubmit,regex,,"^(?!ar$|en$|AR$|EN$).*",en
profile_employee_language,DE,forSubmit,regex,,"^(?!en$|de$|EN$|DE$).*",en
profile_employee_language,GH,forSubmit,regex,,"^(?!en$|EN$).*",en
profile_employee_language,GI,forSubmit,regex,,"^(?!en$|EN$).*",en
profile_employee_language,KI,forSubmit,regex,,"^(?!en$|EN$).*",en
profile_employee_language,GR,forSubmit,regex,,"^(?!en$|el$|EN$|EL$).*",en
profile_employee_language,GL,forSubmit,regex,,"^(?!da$|DA$).*",da
profile_employee_language,GD,forSubmit,regex,,"^(?!en$|EN$).*",en
profile_employee_language,GP,forSubmit,regex,,"^(?!fr$|en$|FR$|EN$).*",en
profile_employee_language,GU,forSubmit,regex,,"^(?!en$|EN$).*",en
profile_employee_language,GT,forSubmit,regex,,"^(?!es$|en$|ES$|EN$).*",en
profile_employee_language,GN,forSubmit,regex,,"^(?!fr$|en$|FR$|EN$).*",en
profile_employee_language,GY,forSubmit,regex,,"^(?!en$|EN$).*",en
profile_employee_language,HT,forSubmit,regex,,"^(?!fr$|en$|FR$|EN$).*",en
profile_employee_language,HM,forSubmit,regex,,"^(?!en$|EN$).*",en
profile_employee_language,VA,forSubmit,regex,,"^(?!it$|IT$).*",it
profile_employee_language,HN,forSubmit,regex,,"^(?!en$|es$|EN$|ES$).*",en
profile_employee_language,HK,forSubmit,regex,,"^(?!en$|zh-CHT$|EN$|ZH-CHT$).*",en
profile_employee_language,HU,forSubmit,regex,,"^(?!en$|hu$|EN$|HU$).*",en
profile_employee_language,IS,forSubmit,regex,,"^(?!en$|EN$).*",en
profile_employee_language,IN,forSubmit,regex,,"^(?!en$|hi$|EN$|HI$).*",en
profile_employee_language,ID,forSubmit,regex,,"^(?!en$|id$|EN$|ID$).*",en
profile_employee_language,IE,forSubmit,regex,,"^(?!en$|EN$).*",en
profile_employee_language,IL,forSubmit,regex,,"^(?!en$|he$|EN$|HE$).*",en
profile_employee_language,IT,forSubmit,regex,,"^(?!en$|it$|EN$|IT$).*",en
profile_employee_language,CI,forSubmit,regex,,"^(?!en$|fr$|EN$|FR$).*",en
profile_employee_language,JM,forSubmit,regex,,"^(?!en$|EN$).*",en
profile_employee_language,JP,forSubmit,regex,,"^(?!ja$|en$|JA$|EN$).*",en
profile_employee_language,KZ,forSubmit,regex,,"^(?!ru$|en$|kk$|RU$|EN$|KK$).*",en
profile_employee_language,JO,forSubmit,regex,,"^(?!en$|ar$|EN$|AR$).*",en
profile_employee_language,KE,forSubmit,regex,,"^(?!en$|EN$).*",en
profile_employee_language,KR,forSubmit,regex,,"^(?!ko$|en$|KO$|EN$).*",en
profile_employee_language,KW,forSubmit,regex,,"^(?!en$|ar$|EN$|AR$).*",en
profile_employee_language,KG,forSubmit,regex,,"^(?!en$|ru$|EN$|RU$).*",en
profile_employee_language,LA,forSubmit,regex,,"^(?!en$|EN$).*",en
profile_employee_language,LB,forSubmit,regex,,"^(?!en$|fr$|ar$|EN$|FR$|AR$).*",en
profile_employee_language,LS,forSubmit,regex,,"^(?!en$|EN$).*",en
profile_employee_language,LV,forSubmit,regex,,"^(?!en$|lv$|EN$|LV$).*",en
profile_employee_language,LR,forSubmit,regex,,"^(?!en$|EN$).*",en
profile_employee_language,LY,forSubmit,regex,,"^(?!en$|ar$|EN$|AR$).*",en
profile_employee_language,LI,forSubmit,regex,,"^(?!de$|en$|DE$|EN$).*",en
profile_employee_language,LT,forSubmit,regex,,"^(?!lt$|en$|LT$|EN$).*",en
profile_employee_language,LU,forSubmit,regex,,"^(?!en$|fr$|de$|EN$|FR$|DE$).*",en
profile_employee_language,MO,forSubmit,regex,,"^(?!en$|zh-CHT$|EN$|ZH-CHT$).*",en
profile_employee_language,MF,forSubmit,regex,,"^(?!fr$|en$|FR$|EN$).*",en
profile_employee_language,MG,forSubmit,regex,,"^(?!fr$|en$|FR$|EN$).*",en
profile_employee_language,MM,forSubmit,regex,,"^(?!en$|EN$).*",en
profile_employee_language,MW,forSubmit,regex,,"^(?!en$|EN$).*",en
profile_employee_language,MY,forSubmit,regex,,"^(?!en$|ms$|EN$|MS$).*",en
profile_employee_language,MV,forSubmit,regex,,"^(?!dv$|en$|DV$|EN$).*",en
profile_employee_language,ML,forSubmit,regex,,"^(?!fr$|en$|FR$|EN$).*",en
profile_employee_language,MT,forSubmit,regex,,"^(?!en$|EN$).*",en
profile_employee_language,MQ,forSubmit,regex,,"^(?!fr$|FR$).*",fr
profile_employee_language,MR,forSubmit,regex,,"^(?!en$|ar$|EN$|AR$).*",en
profile_employee_language,MU,forSubmit,regex,,"^(?!en$|EN$).*",en
profile_employee_language,MX,forSubmit,regex,,"^(?!en$|es$|EN$|ES$).*",en
profile_employee_language,MC,forSubmit,regex,,"^(?!en$|fr$|EN$|FR$).*",en
profile_employee_language,MN,forSubmit,regex,,"^(?!en$|EN$).*",en
profile_employee_language,MD,forSubmit,regex,,"^(?!en$|ro$|EN$|RO$).*",en
profile_employee_language,ME,forSubmit,regex,,"^(?!sr-Latn-CS$|en$|sr-Cyrl$|SR-LATN-CS$|EN$|SR-CYRL$).*",en
profile_employee_language,MS,forSubmit,regex,,"^(?!en$|EN$).*",en
profile_employee_language,MA,forSubmit,regex,,"^(?!fr$|en$|ar$|FR$|EN$|AR$).*",en
profile_employee_language,MZ,forSubmit,regex,,"^(?!pt$|PT$).*",pt
profile_employee_language,OM,forSubmit,regex,,"^(?!en$|ar$|EN$|AR$).*",en
profile_employee_language,NA,forSubmit,regex,,"^(?!en$|EN$).*",en
profile_employee_language,NR,forSubmit,regex,,"^(?!en$|EN$).*",en
profile_employee_language,NP,forSubmit,regex,,"^(?!en$|EN$).*",en
profile_employee_language,NL,forSubmit,regex,,"^(?!en$|nl$|EN$|NL$).*",en
profile_employee_language,AN,forSubmit,regex,,"^(?!en$|EN$).*",en
profile_employee_language,AW,forSubmit,regex,,"^(?!nl$|en$|NL$|EN$).*",en
profile_employee_language,NC,forSubmit,regex,,"^(?!fr$|en$|FR$|EN$).*",en
profile_employee_language,VU,forSubmit,regex,,"^(?!en$|EN$).*",en
profile_employee_language,NZ,forSubmit,regex,,"^(?!en$|EN$).*",en
profile_employee_language,NI,forSubmit,regex,,"^(?!en$|es$|EN$|ES$).*",en
profile_employee_language,NE,forSubmit,regex,,"^(?!fr$|en$|FR$|EN$).*",en
profile_employee_language,NG,forSubmit,regex,,"^(?!en$|EN$).*",en
profile_employee_language,NU,forSubmit,regex,,"^(?!en$|EN$).*",en
profile_employee_language,NF,forSubmit,regex,,"^(?!en$|EN$).*",en
profile_employee_language,NO,forSubmit,regex,,"^(?!en$|no$|nb$|EN$|NO$|NB$).*",en
profile_employee_language,MP,forSubmit,regex,,"^(?!en$|EN$).*",en
profile_employee_language,UM,forSubmit,regex,,"^(?!en$|EN$).*",en
profile_employee_language,FM,forSubmit,regex,,"^(?!en$|EN$).*",en
profile_employee_language,MH,forSubmit,regex,,"^(?!en$|EN$).*",en
profile_employee_language,PW,forSubmit,regex,,"^(?!en$|EN$).*",en
profile_employee_language,PK,forSubmit,regex,,"^(?!en$|EN$).*",en
profile_employee_language,PA,forSubmit,regex,,"^(?!es$|en$|ES$|EN$).*",en
profile_employee_language,PG,forSubmit,regex,,"^(?!en$|EN$).*",en
profile_employee_language,PY,forSubmit,regex,,"^(?!es$|en$|ES$|EN$).*",en
profile_employee_language,PE,forSubmit,regex,,"^(?!en$|es$|EN$|ES$).*",en
profile_employee_language,PH,forSubmit,regex,,"^(?!en$|EN$).*",en
profile_employee_language,PN,forSubmit,regex,,"^(?!en$|EN$).*",en
profile_employee_language,PL,forSubmit,regex,,"^(?!en$|pl$|EN$|PL$).*",en
profile_employee_language,PT,forSubmit,regex,,"^(?!en$|pt-PT$|EN$|PT-PT$).*",en
profile_employee_language,GW,forSubmit,regex,,"^(?!pt$|en$|PT$|EN$).*",en
profile_employee_language,TL,forSubmit,regex,,"^(?!pt$|en$|PT$|EN$).*",en
profile_employee_language,PR,forSubmit,regex,,"^(?!en$|es$|EN$|ES$).*",en
profile_employee_language,QA,forSubmit,regex,,"^(?!en$|ar$|EN$|AR$).*",en
profile_employee_language,RE,forSubmit,regex,,"^(?!fr$|en$|FR$|EN$).*",en
profile_employee_language,RO,forSubmit,regex,,"^(?!en$|ro$|EN$|RO$).*",en
profile_employee_language,RU,forSubmit,regex,,"^(?!ru$|en$|RU$|EN$).*",en
profile_employee_language,RW,forSubmit,regex,,"^(?!en$|fr$|EN$|FR$).*",en
profile_employee_language,SH,forSubmit,regex,,"^(?!en$|EN$).*",en
profile_employee_language,KN,forSubmit,regex,,"^(?!en$|EN$).*",en
profile_employee_language,AI,forSubmit,regex,,"^(?!en$|EN$).*",en
profile_employee_language,LC,forSubmit,regex,,"^(?!en$|EN$).*",en
profile_employee_language,PM,forSubmit,regex,,"^(?!fr$|en$|FR$|EN$).*",en
profile_employee_language,VC,forSubmit,regex,,"^(?!en$|EN$).*",en
profile_employee_language,SM,forSubmit,regex,,"^(?!it$|en$|IT$|EN$).*",en
profile_employee_language,ST,forSubmit,regex,,"^(?!pt$|en$|PT$|EN$).*",en
profile_employee_language,SA,forSubmit,regex,,"^(?!en$|ar$|EN$|AR$).*",en
profile_employee_language,SN,forSubmit,regex,,"^(?!en$|fr$|EN$|FR$).*",en
profile_employee_language,SC,forSubmit,regex,,"^(?!en$|EN$).*",en
profile_employee_language,SL,forSubmit,regex,,"^(?!en$|EN$).*",en
profile_employee_language,SG,forSubmit,regex,,"^(?!en$|zh-CHS$|EN$|ZH-CHS$).*",en
profile_employee_language,SK,forSubmit,regex,,"^(?!sk$|en$|SK$|EN$).*",en
profile_employee_language,VN,forSubmit,regex,,"^(?!en$|vi$|EN$|VI$).*",en
profile_employee_language,SI,forSubmit,regex,,"^(?!sl$|en$|SL$|EN$).*",en
profile_employee_language,ZA,forSubmit,regex,,"^(?!en$|EN$).*",en
profile_employee_language,ZW,forSubmit,regex,,"^(?!en$|EN$).*",en
profile_employee_language,ES,forSubmit,regex,,"^(?!en$|es$|ca$|eu$|gl$|EN$|ES$|CA$|EU$|GL$).*",en
profile_employee_language,SR,forSubmit,regex,,"^(?!nl$|en$|NL$|EN$).*",en
profile_employee_language,SJ,forSubmit,regex,,"^(?!nb$|en$|NB$|EN$).*",en
profile_employee_language,SZ,forSubmit,regex,,"^(?!en$|EN$).*",en
profile_employee_language,SE,forSubmit,regex,,"^(?!en$|sv$|EN$|SV$).*",en
profile_employee_language,CH,forSubmit,regex,,"^(?!en$|de$|fr$|it$|EN$|DE$|FR$|IT$).*",en
profile_employee_language,TJ,forSubmit,regex,,"^(?!ru$|en$|RU$|EN$).*",en
profile_employee_language,TH,forSubmit,regex,,"^(?!th$|en$|TH$|EN$).*",en
profile_employee_language,TG,forSubmit,regex,,"^(?!fr$|en$|FR$|EN$).*",en
profile_employee_language,TK,forSubmit,regex,,"^(?!en$|EN$).*",en
profile_employee_language,TO,forSubmit,regex,,"^(?!en$|EN$).*",en
profile_employee_language,TT,forSubmit,regex,,"^(?!en$|EN$).*",en
profile_employee_language,AE,forSubmit,regex,,"^(?!en$|ar$|EN$|AR$).*",en
profile_employee_language,TN,forSubmit,regex,,"^(?!fr$|en$|ar$|FR$|EN$|AR$).*",en
profile_employee_language,TR,forSubmit,regex,,"^(?!tr$|en$|TR$|EN$).*",en
profile_employee_language,TM,forSubmit,regex,,"^(?!ru$|en$|RU$|EN$).*",en
profile_employee_language,TC,forSubmit,regex,,"^(?!en$|EN$).*",en
profile_employee_language,TV,forSubmit,regex,,"^(?!en$|EN$).*",en
profile_employee_language,UG,forSubmit,regex,,"^(?!en$|EN$).*",en
profile_employee_language,UA,forSubmit,regex,,"^(?!uk$|en$|UK$|EN$).*",en
profile_employee_language,MK,forSubmit,regex,,"^(?!en$|EN$).*",en
profile_employee_language,EG,forSubmit,regex,,"^(?!en$|EN$).*",en
profile_employee_language,GB,forSubmit,regex,,"^(?!en$|EN$).*",en
profile_employee_language,GG,forSubmit,regex,,"^(?!en$|EN$).*",en
profile_employee_language,JE,forSubmit,regex,,"^(?!en$|EN$).*",en
profile_employee_language,IM,forSubmit,regex,,"^(?!en$|EN$).*",en
profile_employee_language,TZ,forSubmit,regex,,"^(?!en$|EN$).*",en
profile_employee_language,US,forSubmit,regex,,"^(?!en$|es$|EN$|ES$).*",en
profile_employee_language,VI,forSubmit,regex,,"^(?!en$|EN$).*",en
profile_employee_language,BF,forSubmit,regex,,"^(?!fr$|en$|FR$|EN$).*",en
profile_employee_language,UY,forSubmit,regex,,"^(?!es$|en$|ES$|EN$).*",en
profile_employee_language,UZ,forSubmit,regex,,"^(?!en$|ru$|EN$|RU$).*",en
profile_employee_language,VE,forSubmit,regex,,"^(?!es$|en$|ES$|EN$).*",en
profile_employee_language,WF,forSubmit,regex,,"^(?!fr$|en$|FR$|EN$).*",en
profile_employee_language,WS,forSubmit,regex,,"^(?!en$|EN$).*",en
profile_employee_language,YE,forSubmit,regex,,"^(?!en$|ar$|EN$|AR$).*",en
profile_employee_language,RS,forSubmit,regex,,"^(?!sr-Latn-CS$|en$|sr-Cyrl$|SR-LATN-CS$|EN$|SR-CYRL$).*",en
profile_employee_language,ZM,forSubmit,regex,,"^(?!en$|EN$).*",en
profile_employee_language,BQ,forSubmit,regex,,"^(?!nl$|en$|NL$|EN$).*",en
profile_employee_language,CD,forSubmit,regex,,"^(?!fr$|en$|FR$|EN$).*",en
profile_employee_language,IQ,forSubmit,regex,,"^(?!en$|ar$|EN$|AR$).*",en
profile_employee_language,XJ,forSubmit,regex,,"^(?!en$|nb$|EN$|NB$).*",en
profile_employee_language,XK,forSubmit,regex,,"^(?!en$|EN$).*",en
profile_employee_language,SO,forSubmit,regex,,"^(?!ar$|en$|AR$|EN$).*",en
profile_employee_language,SS,forSubmit,regex,,"^(?!en$|EN$).*",en
profile_employee_language,SX,forSubmit,regex,,"^(?!en$|EN$).*",en
profile_employee_language,XS,forSubmit,regex,,"^(?!nl$|en$|NL$|EN$).*",en
profile_employee_language,XE,forSubmit,regex,,"^(?!nl$|en$|NL$|EN$).*",en